GAMS 45.5.0  8d95ac18 Dec 14, 2023          WEX-WEI x86 64bit/MS Windows - 08/23/24 16:46:13 Page 1
PEP model w-1
World wide model, static version, October 2013


   3   
   4  *==============================================================================*
   5  *                                                                              *
   6  *           Except where otherwise noted, this work is licensed under          *
   7  *               http://creativecommons.org/licenses/by-nc-sa/3.0/              *
   8  *                                                                              *
   9  *                                                                              *
  10  *  You are free to share, to copy, distribute and transmit the work under      *
  11  *  the following conditions:                                                   *
  12  *                                                                              *
  13  *  - Attribution:         You must attribute the work to:                      *
  14  *                         Veronique Robichaud, Andre Lemelin,                  *
  15  *                         Helene Maisonnave and Bernard Decaluwe.              *
  16  *  - Noncommercial:       You may not use this work for commercial purposes.   *
  17  *  - Share Alike:         If you alter, transform, or build upon this work,    *
  18  *                         you may distribute the resulting work only under     *
  19  *                         the same or similar license to this one.             *
  20  *                                                                              *
  21  *==============================================================================*
  22   
  23  * NOTE: section and subsection titles of the program are preceded and followed
  24  *       by this line:
  25  *==============================================================================
  26  *       to facilitate jumping from one to the next with repeat search.
  27   
  28  *==============================================================================
  29  * 1 Set definition
  30  *==============================================================================
  31  * The sets are defined in the DATA_AGG-2007.gms file and are stored in the
  32  * DATA_AGG-2007.GDX output file. Any changes in the aggregation of industries
  33  * and/or region is thus automatically taken into account in the current file.
  34   
  35  SET
  36   J               All industries
  37   I               All commodities
  38   I1(I)           All commodities except agriculture (agr)
  39   BUS(J)          Private industries
  40   PUB(J)          Public industries
  41   F               Production factors
  42   L(F)            Labor categories
  43   K(F)            Capital categories +
  44   Z               Regions
  45   ZR(Z)           Reference country (USA)
  46   Z1(Z)           All regions except reference region
  47   Zrich(Z)        Rich regions
  48   Zother(Z)       Non-rich regions
  49   sim             simulation
  50   
  51  *$GDXIN Input_w-1\DATA_AGG-2019_GTAP11_240214.gdx
GDXIN   C:\Users\kimc0\GUIDE_GLOBAL_CGE\1.Static_CGE\Output_w-1\DATA_AGG-2019_GTAP11_240214.gdx
  53   
--- LOAD  J = 1:J
--- LOAD  I = 2:I
--- LOAD  I1 = 3:I1
--- LOAD  BUS = 4:BUS
--- LOAD  PUB = 5:PUB
--- LOAD  F = 6:F
--- LOAD  L = 7:L
--- LOAD  K = 8:K
--- LOAD  Z = 9:Z
--- LOAD  ZR = 10:ZR
--- LOAD  Z1 = 11:Z1
--- LOAD  Zrich = 12:Zrich
--- LOAD  Zother = 13:Zother
  55  TND(J) TnD
  56  /
  57   18_TnD         Transmission and Distribution
  58  /
  59   
  60  POWER(J) POWER industries
  61  /
  62   19_eNuclear    Nuclear generation
  63   20_eCoal       Coal generation
  64   21_eGas        Gas generation
  65   22_eOil        Oil generation
  66   23_eWind       Wind generation
  67   24_eSolar      Solar generation
  68   25_eHydro      Hydro generation
  69   26_eOther      Other generation
  70  /
  71   
  72   
  73  I2(I) Non-electricity commodities
  74  /
  75   01_AGRICULT    Agricultural forest and fishery goods
  76   02_COAL        Coal
  77   03_OIL         Crude petroleum
  78   04_GAS         Natural gas Gas distribution
  79   05_MINING      Mined and quarried goods
  80   06_FOODPRO     Food beverages and tobacco products
  81   07_TEXTILES    Textile and leather products
  82   08_WOODPRO     Wood products
  83   09_PAPERPRO    Paper products
  84   10_PETROLCOAL  Petroleum and coal products
  85   11_CHEMICAL    Chemical products
  86   12_NONMET      Non-metallic mineral products
  87   13_IRONSTL     Primary iron and steel products
  88   14_NONFERR     Non-ferrous metal products
  89   15_MACHINE     Fabricated metal products Electronic and electrical equipment Machinery and equipment
  90   16_TRANSEQ     Motor vehicles Other transport equipment
  91   17_OTHERIND    Other manufactured products Water supply
  92  * 18_ELEC        Electricity
  93   19_CONSTRUC    Construction
  94   20_LTRP        Land transport service(road rail)
  95   21_WTRP        Water transport service
  96   22_ATRP        Air transport service
  97   23_SER         Service
  98  /
  99   
 100   I3(I) Non- Iron and steel commodities
 101  /
 102   01_AGRICULT    Agricultural forest and fishery goods
 103   02_COAL        Coal
 104   03_OIL         Crude petroleum
 105   04_GAS         Natural gas Gas distribution
 106   05_MINING      Mined and quarried goods
 107   06_FOODPRO     Food beverages and tobacco products
 108   07_TEXTILES    Textile and leather products
 109   08_WOODPRO     Wood products
 110   09_PAPERPRO    Paper products
 111   10_PETROLCOAL  Petroleum and coal products
 112   11_CHEMICAL    Chemical products
 113   12_NONMET      Non-metallic mineral products
 114  * 13_IRONSTL     Primary iron and steel products
 115   14_NONFERR     Non-ferrous metal products
 116   15_MACHINE     Fabricated metal products Electronic and electrical equipment Machinery and equipment
 117   16_TRANSEQ     Motor vehicles Other transport equipment
 118   17_OTHERIND    Other manufactured products Water supply
 119   18_ELEC        Electricity
 120   19_CONSTRUC    Construction
 121   20_LTRP        Land transport service(road rail)
 122   21_WTRP        Water transport service
 123   22_ATRP        Air transport service
 124   23_SER         Service
 125  /
 126   
 127  ENE(I) Energy commodities
 128  /
 129   02_COAL         Coal
 130   03_OIL          Crude petroleum
 131   04_GAS          Natural gas
 132   10_PETROLCOAL   Petroleum and coal products
 133   18_ELEC         Electricity
 134  /
 135   
 136  NENE(I) Non-energy commodities
 137  /
 138   01_AGRICULT    Agricultural forest and fishery goods
 139  * 02_COAL        Coal
 140  * 03_OIL         Crude petroleum
 141  * 04_GAS         Natural gas Gas distribution
 142   05_MINING      Mined and quarried goods
 143   06_FOODPRO     Food beverages and tobacco products
 144   07_TEXTILES    Textile and leather products
 145   08_WOODPRO     Wood products
 146   09_PAPERPRO    Paper products
 147  * 10_PETROLCOAL  Petroleum and coal products
 148   11_CHEMICAL    Chemical products
 149   12_NONMET      Non-metallic mineral products
 150   13_IRONSTL     Primary iron and steel products
 151   14_NONFERR     Non-ferrous metal products
 152   15_MACHINE     Fabricated metal products Electronic and electrical equipment Machinery and equipment
 153   16_TRANSEQ     Motor vehicles Other transport equipment
 154   17_OTHERIND    Other manufactured products Water supply
 155  * 18_ELEC        Electricity
 156   19_CONSTRUC    Construction
 157   20_LTRP        Land transport service(road rail)
 158   21_WTRP        Water transport service
 159   22_ATRP        Air transport service
 160   23_SER         Service
 161  /
 162   
 163  J2(J) Industries
 164  /
 165  * 01_AGRICULT    Agricultural forest and fishery goods
 166  * 02_COAL        Coal
 167  * 03_OIL         Crude petroleum
 168  * 04_GAS         Natural gas Gas distribution
 169  * 05_MINING      Mined and quarried goods
 170   06_FOODPRO     Food beverages and tobacco products
 171   07_TEXTILES    Textile and leather products
 172   08_WOODPRO     Wood products
 173   09_PAPERPRO    Paper products
 174  * 10_PETROLCOAL  Petroleum and coal products
 175   11_CHEMICAL    Chemical products
 176  * 12_NONMET      Non-metallic mineral products
 177  * 13_IRONSTL     Primary iron and steel products
 178   14_NONFERR     Non-ferrous metal products
 179   15_MACHINE     Fabricated metal products Electronic and electrical equipment Machinery and equipment
 180   16_TRANSEQ     Motor vehicles Other transport equipment
 181  * 17_OTHERIND    Other manufactured products Water supply
 182  *  18_TnD         Transmission and Distribution
 183  *  19_eNuclear    Nuclear generation
 184  *  20_eCoal       Coal generation
 185  *  21_eGas        Gas generation
 186  *  22_eOil        Oil generation
 187  *  23_eWind       Wind generation
 188  *  24_eSolar      Solar generation
 189  *  25_eHydro      Hydro generation
 190  *  26_eOther      Other generation
 191   27_CONSTRUC    Construction
 192  * 28_LTRP        Land transport service(road rail)
 193   29_WTRP        Water transport service
 194   30_ATRP        Air transport service
 195   31_SER         Service
 196   
 197  /
 198   
 199  J3(J) Energy Industries
 200  /
 201   01_AGRICULT    Agricultural forest and fishery goods
 202   02_COAL        Coal
 203   03_OIL         Crude petroleum
 204   04_GAS         Natural gas Gas distribution
 205   05_MINING      Mined and quarried goods
 206  * 09_PAPERPRO    Paper products
 207   10_PETROLCOAL  Petroleum and coal products
 208   18_TnD         Transmission and Distribution
 209   19_eNuclear    Nuclear generation
 210   20_eCoal       Coal generation
 211   21_eGas        Gas generation
 212   22_eOil        Oil generation
 213   23_eWind       Wind generation
 214   24_eSolar      Solar generation
 215   25_eHydro      Hydro generation
 216   26_eOther      Other generation
 217   13_IRONSTL     Primary iron and steel products
 218   17_OTHERIND    Other manufactured products Water supply
 219   28_LTRP        Land transport service(road rail)
 220  12_NONMET
 221  /
 222   
 223  J4(J) Energy Transformation Industries
 224  /
 225   10_PETROLCOAL  Petroleum and coal products
 226   19_eNuclear    Nuclear generation
 227   20_eCoal       Coal generation
 228   21_eGas        Gas generation
 229   22_eOil        Oil generation
 230   23_eWind       Wind generation
 231   24_eSolar      Solar generation
 232   25_eHydro      Hydro generation
 233   26_eOther      Other generation
 234  /
 235   
 236  J5(J) Industries
 237  /
 238   01_AGRICULT    Agricultural forest and fishery goods
 239   02_COAL        Coal
 240   03_OIL         Crude petroleum
 241   04_GAS         Natural gas Gas distribution
 242   05_MINING      Mined and quarried goods
 243   06_FOODPRO     Food beverages and tobacco products
 244   07_TEXTILES    Textile and leather products
 245   08_WOODPRO     Wood products
 246   09_PAPERPRO    Paper products
 247  * 10_PETROLCOAL  Petroleum and coal products
 248   11_CHEMICAL    Chemical products
 249   12_NONMET      Non-metallic mineral products
 250   13_IRONSTL     Primary iron and steel products
 251   14_NONFERR     Non-ferrous metal products
 252   15_MACHINE     Fabricated metal products Electronic and electrical equipment  Machinery and equipment
 253   16_TRANSEQ     Motor vehicles Other transport equipment
 254   17_OTHERIND    Other manufactured products Water supply
 255  * 18_TnD         Transmission and Distribution
 256  * 19_eNuclear    Nuclear generation
 257  * 20_eCoal       Coal generation
 258  * 21_eGas        Gas generation
 259  * 22_eOil        Oil generation
 260  * 23_eWind       Wind generation
 261  * 24_eSolar      Solar generation
 262  * 25_eHydro      Hydro generation
 263  * 26_eOther      Other generation
 264   27_CONSTRUC    Construction
 265   28_LTRP        Land transport service(road rail)
 266   29_WTRP        Water transport service
 267   30_ATRP        Air transport service
 268   31_SER         Service
 269  /
 270   
 271  J6(J) Agriculture
 272  /01_AGRICULT    Agricultural forest and fishery goods
 273  /
 274   
 275  J7(J) Aggregated Energy Industry
 276  /02_COAL
 277  03_OIL
 278  04_GAS
 279  20_eCoal
 280  21_eGas
 281  22_eOil
 282  /
 283   
 284  J8(J) Aggregated Manufacturing
 285  /05_MINING
 286  06_FOODPRO
 287  07_TEXTILES
 288  08_WOODPRO
 289  09_PAPERPRO
 290  10_PETROLCOAL
 291  11_CHEMICAL
 292  12_NONMET
 293  13_IRONSTL
 294  14_NONFERR
 295  15_MACHINE
 296  16_TRANSEQ
 297  17_OTHERIND
 298  27_CONSTRUC
 299  /
 300   
 301  J9(J) Aggregated Transportation
 302  /28_LTRP
 303  29_WTRP
 304  30_ATRP
 305  /
 306   
 307  J10(J) Aggregated Building
 308  /31_SER
 309  /
 310   
 311  Z2(Z) NEA countries
 312  /
 313   01_KOR Korea
 314   02_CHN China
 315   03_JPN Japan
 316   04_RUS Russian Federation
 317   05_MNG Mongolia
 318   06_PRK Peoples Republic of Korea
 319  /
 320   
 321  inda
 322  /
 323  agr
 324  elec
 325  manu
 326  trans
 327  bldg
 328  /
 329   
 330  enea
 331  /
 332  coal
 333  natgas
 334  crudeoil
 335  oilprdt
 336  elec
 337  heat
 338  /
 339   
 340  Elec(J) Industries
 341  /
 342   19_eNuclear    Nuclear generation
 343   20_eCoal       Coal generation
 344   21_eGas        Gas generation
 345   22_eOil        Oil generation
 346   23_eWind       Wind generation
 347   24_eSolar      Solar generation
 348   25_eHydro      Hydro generation
 349   26_eOther      Other generation
 350  /
 351   
 352   
 353  ***Mapping for CBAM
 354  z3(z) CBAM importing regions
 355  /
 356   09_WEU
 357   10_EEU
 358  /
 359   
 360  z4(z) CBAM exporting regions
 361  /
 362  01_KOR
 363  02_CHN
 364  03_JPN
 365  04_RUS
 366  05_MNG
 367  06_PRK
 368  07_NAM
 369  08_LAM
 370  11_FSU
 371  12_MEA
 372  13_AFR
 373  14_CPA
 374  15_SAS
 375  16_PAS
 376  17_PAO
 377  /
 378   
 379   
 380   
 381  INDtoCOM(j,i) Industries to commodities
 382  /
 383  01_AGRICULT. (01_AGRICULT)
 384  02_COAL. (02_COAL)
 385  03_OIL.  (03_OIL)
 386  04_GAS.  (04_GAS)
 387  05_MINING.   (05_MINING)
 388  06_FOODPRO.  (06_FOODPRO)
 389  07_TEXTILES. (07_TEXTILES)
 390  08_WOODPRO.  (08_WOODPRO)
 391  09_PAPERPRO. (09_PAPERPRO)
 392  10_PETROLCOAL.   (10_PETROLCOAL)
 393  11_CHEMICAL. (11_CHEMICAL)
 394  12_NONMET.   (12_NONMET)
 395  13_IRONSTL.  (13_IRONSTL)
 396  14_NONFERR.  (14_NONFERR)
 397  15_MACHINE.  (15_MACHINE)
 398  16_TRANSEQ.  (16_TRANSEQ)
 399  17_OTHERIND. (17_OTHERIND)
 400  20_eCoal.    (18_ELEC)
 401  21_eGas. (18_ELEC)
 402  22_eOil. (18_ELEC)
 403  27_CONSTRUC. (19_CONSTRUC)
 404  28_LTRP. (20_LTRP)
 405  29_WTRP. (21_WTRP)
 406  30_ATRP. (22_ATRP)
 407  31_SER.  (23_SER)
 408  /
 409   
 410  *sim /1*21/;
 411  *sim /1*50/;
 412  sim /1*2/;
 413  ALIAS (j,jj)
 414  ALIAS (i,ii,ij)
 415  ALIAS (l,lj)
 416  ALIAS (k,kj)
 417  ALIAS (z,zj,zjj)
 418  ALIAS (power, power2)
 419  ALIAS (ENE,ENE2)
 420  ALIAS (Elec, Elecc)
 421  ;
 422   
 423  *==============================================================================
 424  * 2 Declaration of parameters and benchmark variables
 425  *==============================================================================
 426  PARAMETER
 427  *==============================================================================
 428  *  2.1 Parameters
 429  *==============================================================================
 430   A_K(z)               Scale parameter (price of new capital)
 431   aij(i,j,z)           Input output coefficient
 432   aij2(i,j,z)          Input output coefficient (intermediate energy)
 433   B_KD(j,z)            Scale parameter (CES - composite capital)
 434   B_LD(j,z)            Scale parameter (CES - composite labor)
 435   B_M1(i,z)            Scale parameter (CES - composite commodity)
 436   B_M2(i,z)            Scale parameter (CES - composite import)
 437   B_VA(j,z)            Scale parameter (CES - value added)
 438   B_KLE(j,z)           Scale parameter (CES - composite KLE)
 439   B_ENER(j,z)          Scale parameter (CES - composite ENER)
 440   B_X1(i,z)            Scale parameter (CET - total output)
 441   B_X2(i,z)            Scale parameter (CET - composite export)
 442   B_X3(i,z)            Scale parameter (CES - top level)
 443   B_X4(z)              Scale parameter (CES - Aggregated Electricity)
 444   beta_D_X1(i,z)       Share parameter (CET - total output - local sales)
 445   beta_EX_X1(i,z)      Share parameter (CET - total output - export)
 446   beta_X2(i,z,zj)      Share parameter (CET - composite export)
 447   beta_X3(j,i,z)       Share parameter (CES - top level)
 448   beta_X4(power, z)    Share parameter (CES - Aggregated Electricity)
 449   beta_KD(k,j,z)       Share parameter (CES - composite capital)
 450   beta_LD(l,j,z)       Share parameter (CES - composite labor)
 451   beta_M1(i,z)         Share parameter (CES - composite commodity)
 452   beta_M2(i,zj,z)      Share parameter (CES - composite import)
 453   beta_VA(j,z)         Share parameter (CES - value added)
 454   beta_KLE(j,z)        Share parameter (CES - KLE composite)
 455   beta_ENER(ene,j,z)   Share parameter (CES - ENER composite)
 456   delta(z)             Depreciation rate of capital in country z
 457   eta                  Price elasticity of indexed transfers and parameters
 458   frisch(z)            Frisch parameter (LES function)
 459   gamma_GVT(i,z)       Share of commodity i in total current public expenditures on goods and services
 460   gamma_INV(i,z)       Share of commodity i in total investment expenditures
 461   gamma_LES(i,z)       Marginal share of commodity i in household consumption budget
 462   io(j,z)              Coefficient (Leontief - intermediate consumption)
 463   io2(j,z)             Coefficient (Leontief - intermediate energy consumption)
 464   v(j,z)               value added Coefficient (Leontief)
 465   v2(j,z)              KLE Share parameter (Leontief)
 466   kmob                 Flag parameter (1 if capital is mobile)
 467   RES                  Rescaling factor
 468   rho_KD(j,z)          Elasticity paameter (CES - composite capital)
 469   rho_LD(j,z)          Elasticity parameter (CES - composite labor)
 470   rho_M1(i,z)          Elasticity parameter (CES - composite commodity)
 471   rho_M2(i,z)          Elasticity parameter (CES - composite import)
 472   rho_VA(j,z)          Elasticity parameter (CES - value added)
 473   rho_KLE(j,z)         Elasticity parameter (CES - KLE)
 474   rho_ENER(j,z)        Elasticity parameter (CES - ENER)
 475   rho_X1(i,z)          Elasticity parameter (CET - composite export)
 476   rho_X2(i,z)          Elasticity parameter (CET - composite export)
 477   rho_X3(i,z)          Elasticity parameter (CES - top level)
 478   rho_X4(z)            Elasticity parameter (CES - Aggregated Electricity)
 479   sigma_KD(j,z)        Elasticity (CES - composite capital)
 480   sigma_LD(j,z)        Elasticity (CES - composite labor)
 481   sigma_M1(i,z)        Elasticity (CES - composite commodity)
 482   sigma_M2(i,z)        Elasticity (CES - composite import)
 483   sigma_VA(j,z)        Elasticity (CES - value added)
 484   sigma_KLE(j,z)       Elasticity (CES - kle)
 485   sigma_ENER(j,z)      Elasticity (CES - within energy)
 486   sigma_X0(j,z)        Elasticity (CET - exports and local sales)
 487   sigma_X1(i,z)        Elasticity (CET - total output)
 488   sigma_X2(i,z)        Elasticity (CET - composite export)
 489   sigma_X3(i,z)        Elasticity (CES - top level)
 490   sigma_X4(z)          Elasticity (CES - Aggregated Electricity)
 491   sigma_Y(i,z)         Income elasticity of consumption
 492   tmrg(i,ij,zj,z)      Rate of margin i applied to commodity ij imported from country zj
 493   TnDShare(z)          T&D share of Aggregated electricity
 494   PowerShare(z)        Power Industries share of Aggregated electricity
 495   theta2(j,i,z)        Export share of composite activity
 496   
 497  *==============================================================================
 498  *  2.2 Variables - Benchmark
 499  *==============================================================================
 500  *  Benchmark values of variables are parameters. Their acronyms are the
 501  *  corresponding variable names,followed by the letter "O".
 502   
 503  *==============================================================================
 504  *   2.2.1 Volume variables
 505  *==============================================================================
 506   CABXO(z)        Current account balance of region z in terms of the international currency (pseudo-volume variable)
 507   CO(i,z)         Consumption of commodity i by households in region z
 508   CGO(i,z)        Public consumption of commodity i in region z
 509   CIO(j,z)        Total intermediate consumption of industry j in region z
 510   CEO(j,z)        Total energy intermediate consumption of industry j in region z
 511   CMINO(i,z)      Minimum consumption of commodity i by households in region z
 512   CTH_REALO(z)    Real household consumption in region z
 513   DDO(i,z)        Domestic demand for commodity i produced locally in region z
 514   DIO(i,j,z)      Intermediate consumption of commodity i by industry j in region z
 515   DEO(ene,j,z)    Intermediate energy consumption of commodity i by industry j in region z
 516   DITO(i,z)       Total intermediate demand of commodity i in region z
 517   DSO(j,i,z)      Supply of commodity i by sector j to the domestic market
 518   DSO_I(i,z)      Supply of commodity i to the domestic market of region z
 519   DSO_J(j,z)      Supply of activity j to the domestic market of region z
 520   EXO(i,z,zj)     Quantity of product i exported by country z to country zj
 521   EXTO(i,z)       Supply of composite commodity i by region z to the export market
 522   EXTTO(j,i,z)    Supply of activity j to the export market i of region z
 523   G_REALO(z)      Current real government expenditures on goods and services in region z
 524   GDP_BP_REALO(z) Real GDP at basic prices
 525   GDP_MP_REALO(z) Real GDP at market prices
 526   GDP_BP_W_REALO  Real GDP at basic prices
 527   IMO(i,zj,z)     Quantity of product i imported by country z from country zj
 528   IMTO(i,z)       Quantity demanded of composite imports of commodity i by region z
 529   INVO(i,z)       Final demand of commodity i for investment purposes (GFCF) in region z
 530   IT_REALO(z)     Real gross fixed capital formation
 531   KDO(k,j,z)      Demand for type k capital by industry j in region z
 532   KDCO(j,z)       Demand for composite capital by industry j in region z
 533   KSO(k,z)        Supply of type k capital in region z
 534   KSTO(z)         Total supply of capital in region z
 535   LDO(l,j,z)      Demand for type l labor by industry j in region z
 536   LDCO(j,z)       Demand for composite labor by industry j in region z
 537   LSO(l,z)        Supply of type l labor in region z
 538   MRGNO(i,z)      Domestic production of commodity i in region z exported as international margin services
 539   POPO(z)         Population in 2019
 540   QO(i,z)         Quantity demanded of composite commodity i in region z
 541   VAO(j,z)        Value added of industry j in region z
 542   KLEO(j,z)       KLE of industry j in region z
 543   XSO_I(i,z)      Commoidty i total production
 544   XSO(j,i,z)      Total output of industry j in region z
 545   XSTO(j,z)       Total output of industry j
 546   POWERQO(z)      Total power output in region z
 547   
 548  *==============================================================================
 549  *   2.2.2 Price variables
 550  *==============================================================================
 551   eO(z)           Exchange rate (price of international currency in terms of region z local currency)
 552   PO(i,z)         Basic price of commodity i in region z
 553   PO2(j,i,z)      Basic price of industry js production of commodity i
 554   PO3(i,j,z)
 555   PO4(i,j,z)
 556   PPOWERO(z)
 557   PIO(i,z)
 558   PTO(j,z)        Basic price of industry js output
 559   PCO(i,z)        Purchaser price of composite commodity i (including all taxes and margins) in region z
 560   PCIO(j,z)       Intermediate consumption price index of industry j in region z
 561   PCEO(j,z)       Intermediate energy consumption price index of industry j in region z
 562   PDO(i,z)        Price of local product i sold on region z domestic market (including all taxes)
 563   PEO(i,z,zj)     Price received for commodity i exported to region zj by region z (excluding export taxes)
 564   PETO(i,z)       Border price of composite commodity i exported by region z
 565   PIXCONO(z)      Consumer price index in region z
 566   PIXGDPO(z)      GDP deflator in region z
 567   PIXGDP_WO       World GDP deflator
 568   PIXGVTO(z)      Public expenditures price index in region z
 569   PIXINVO(z)      Investment price index in region z
 570   PKO(z)          Price of new capital in region z
 571   PLO(i,z)        Price of local product i (excluding all taxes on products) in region z
 572   PMO(i,zj,z)     Price of commodity i imported by region z from region zj (including all taxes duties and margins)
 573   PMTO(i,z)       Price of composite commodity i imported by region z (including all taxes duties and margins)
 574   PPO(j,z)        Unit cost of industry j in region z including taxes directly related to the use of capital and labor but excluding other taxes on production
 575   PVAO(j,Z)       Price of industry j value added in region z (including taxes on production directly related to the use of capital and labor)
 576   PKLEO(j,z)      Price of industry j KLE in region z
 577   PWMO(i,zj,z)    World price of commodity i imported from country zj by region z (expressed in international currency)
 578   PWMGO(i)        World price of margin i (expressed in international currency)
 579   PWXO(i,z,zj)    World price of commodity i exported to country zj by region z (expressed in international currency)
 580   RO(k,j,z)       Rental rate of type k capital in industry j of region z
 581   RCO(j,z)        Rental rate of industry j composite capital in region z
 582   RKO(k,z)        Rental rate of type k capital in region z
 583   RTIO(k,j,z)     Rental rate paid by industry j for type k capital in region z including capital taxes
 584   WO(l,z)         Wage rate of type l labor in region z
 585   WCO(j,z)        Wage rate of industry j composite labor in region z
 586   WTIO(l,j,z)     Wage rate paid z by industry j for type l labor in region including payroll taxes
 587   
 588   
 589   
 590  *==============================================================================
 591  *   2.2.3 Nominal (value) variables
 592  *==============================================================================
 593   CABO(z)         Current account balance of region z
 594   CTHO(z)         Consumption budget of households in region z
 595   DEPO(z)         Amount of depreciation (capital consumption allowance) in region z
 596   GO(z)           Current government expenditures on goods and services in region z
 597   GDP_BPO(z)      Region z GDP at basic prices
 598   GDP_BP_WO       World GDP at basic prices
 599   GDP_FDO(z)      Region z GDP at purchasers prices from the perspective of final demand
 600   GDP_IBO(z)      Region z GDP at market prices (income-based)
 601   GDP_MPO(z)      Region z GDP at market prices
 602   ITO(z)          Total investment expenditures in region z
 603   RKDO(k,j,z)     Type k capital income in industry j in region z
 604   SGO(z)          Government savings in region z
 605   SHO(z)          Household savings in region z
 606   SROWO(z)        Rest-of-the-world savings with respect to region z
 607   TDHO(z)         Household income taxes in region z
 608   TICO(i,z)       Government revenue from indirect taxes on commodity i in region z
 609   TICTO(z)        Total government receipts of indirect taxes on commodities in region z
 610   TIKO(k,j,z)     Government revenue from taxes on type k capital used by industry j in region z
 611   TIKTO(z)        Total government revenue from from taxes on capital in region z
 612   TIMO(i,zj,z)    Government revenue from duties on commodity i imported from region zj by region z
 613   TIMTO(z)        Total government revenue from import duties in region z
 614   TIPO(j,z)       Government revenue from taxes on industry j production in region z (excluding taxes directly related to the use of capital and labor)
 615   TIPTO(z)        Total government revenue from production taxes in region z (excluding taxes directly related to the use of capital and labor)
 616   TIWO(l,j,z)     Government revenue from payroll taxes on type l labor in industry j of region z
 617   TIWTO(z)        Total government revenue from payroll taxes in region z
 618   TIXO(i,z,zj)    Government revenue from export taxes on commodity i exported by region z to region zj
 619   TIXTO(z)        Total government revenue from export taxes in region z
 620   TPRCTSO(z)      Total government revenue from taxes on products and imports in region z
 621   TPRODNO(z)      Total government revenue from other taxes on production in region z
 622   YDHO(z)         Household disposable income in region z
 623   YGO(z)          Total government income in region z
 624   YHO(z)          Household total income in region z
 625   YHKO(z)         Household capital income in region z
 626   YHLO(z)         Household labor income in region z
 627   YROWO(z)        Rest-of-the-world total income from region z
 628   
 629  *==============================================================================
 630  *   2.2.4 Rates and intercepts
 631  *==============================================================================
 632   sh0O(z)         Intercept (household savings)
 633   sh1O(z)         Slope (household savings)
 634   ttdh0O(z)       Intercept (household income tax)
 635   ttdh1O(z)       Slope (household income tax)
 636   tticO(i,z)      Tax rate on commodity i
 637   ttikO(k,j,z)    Tax rate on capital k used in industry j
 638   ttimO(i,zj,z)   Rate of taxes and duties on imports of commodity i from country zj
 639   ttipO(j,z)      Tax rate on the production of industry j
 640   ttiwO(l,j,z)    Tax rate on type l worker compensation in industry j
 641   ttixO(i,z,zj)   Export tax rate on exported commodity i
 642   
 643  ;
 644   
 645  Scalar
 646   Tiny small figure / 0.000000000001/ ;
 647   
 648  *==============================================================================
 649  * 3 Data
 650  *==============================================================================
 651  *  3.1 Data input from GTAP8.1
 652  *==============================================================================
 653  *   3.1.1 Reading data aggregated with DATA_AGG-2007.gms
 654  *==============================================================================
 655  *  The PEP w-1 model uses aggregated data from GTAP8.1. The following file
 656  *  includes data for some variables and substitution elasticities.
 657  *$GDXIN Input_w-1\DATA_AGG-2019_GTAP11_240214.gdx
GDXIN   C:\Users\kimc0\GUIDE_GLOBAL_CGE\1.Static_CGE\Output_w-1\DATA_AGG-2019_GTAP11_240214.gdx
 659   
--- LOAD  CO = 14:CO
--- LOAD  CGO = 15:CGO
--- LOAD  DDO = 16:DDO
--- LOAD  DEPO = 17:DEPO
--- LOAD  DIO = 18:DIO
--- LOAD  DSO = 19:DSO
--- LOAD  DSO_I = 20:DSO_I
--- LOAD  EXO = 21:EXO
--- LOAD  IMO = 22:IMO
--- LOAD  INVO = 23:INVO
--- LOAD  KSTO = 24:KSTO
--- LOAD  LDO = 25:LDO
--- LOAD  MRGNO = 26:MRGNO
--- LOAD  XSO = 40:XSO
--- LOAD  XSO_I = 41:XSO_I
--- LOAD  XSTO = 42:XSTO
--- LOAD  RKDO = 28:RKDO
--- LOAD  POPO = 27:POPO
--- LOAD  TDHO = 29:TDHO
--- LOAD  TICO = 31:TICO
--- LOAD  TIKO = 32:TIKO
--- LOAD  TIMO = 33:TIMO
--- LOAD  TIPO = 34:TIPO
--- LOAD  TIWO = 35:TIWO
--- LOAD  TIXO = 36:TIXO
--- LOAD  tmrg = 39:tmrg
--- LOAD  sigma_M1 = 44:sigma_M1
--- LOAD  sigma_M2 = 45:sigma_M2
--- LOAD  sigma_VA = 46:sigma_VA
 663   
 664   
 665  display sigma_M1, sigma_M2 ;
 666   
 667  sigma_M1('04_GAS',Z) = 6;
 668  sigma_M2('03_OIL',Z) = 6;
 669  sigma_M2('04_GAS',Z) = 6;
 670   
 671  display sigma_M1, sigma_M2 ;
 672  *$exit
 673  *==============================================================================
 674  *   3.1.2 Rescaling the variables
 675  *==============================================================================
 676  * GTAP 8.1 data are in millions of (2004 and 2007) US dollars
 677  * (see www.gtap.agecon.purdue.edu/resources/download/5679.pdf)
 678  * With RES = 10000, model results are in tens of billions (10G$)
 679  RES              = 10000;
 680  *RES = 1;
 681  * NOTE: In GTAP parlance, "agents' prices" are prices paid by buyers, and
 682  *       "market prices" are prices received by sellers.
 683   
 684  * Household consumption = GTAP domestic purchases (VDPA) + import purchases (VIPA)
 685  * by households at agents' prices.
 686  CO(i,z)          = CO(i,z)/RES;
 687   
 688  * Public final consumption = domestic purchases (VDGA) + import purchases (VIGA)
 689  * by government at agents' prices.
 690  CGO(i,z)         = CGO(i,z)/RES;
 691   
 692  * Domestic purchases = domestic absorption:
 693  * (CO + CGO + INVO + DIO) - [ imports (IMO) + transport margins (tmrg)
 694  *                              + indirect taxes (TICO + TIMO) ]
 695  DDO(i,z)         = DDO(i,z)/RES;
 696   
 697  * Capital depreciation (DEP)
 698  DEPO(z)          = DEPO(z)/RES;
 699   
 700  * Intermediate consumption = domestic purchases (VDFA) + import purchases (VIFA)
 701  * by firms belonging to sectors other than CGDS, at agents' prices.
 702  DIO(i,j,z)       = DIO(i,j,z)/RES;
 703   
 704  * Domestic supply = domestic demand (DDO) in GTAP_AGG.gms
 705  DSO(j,i,z)        = DSO(j,i,z)/RES;
 706  DSO_I(i,z)        = DSO_I(i,z)/RES;
 707   
 708  * Exports = exports at world prices (VXWD) = imports at world prices
 709  * Note: the GTAP variable VXWD is NOT used in the DATA_AGG.gms program; the
 710  * value recorded in DATA_AGG.gdx is actually identical to IMO
 711  EXO(i,z,zj)      = EXO(i,z,zj)/RES;
 712   
 713  * Imports = imports at world prices (VIWS) - sum of transport margins on imports (VTWR)
 714  IMO(i,z,zj)      = IMO(i,z,zj)/RES;
 715   
 716  * Demand for investment purposes = domestic purchases (VDFA)+ import purchases (VIFA)
 717  * by firms of the CGDS sector at agents' prices.
 718  INVO(i,z)        = INVO(i,z)/RES;
 719   
 720  * Total capital stock at the beginning of the period (VKB)
 721  KSTO(z)          = KSTO(z)/RES;
 722   
 723  * Labor demand = Remuneration of labor at market prices, before taxes
 724  * (components of VFM, "primary factor purchases, by households, at market prices")
 725  LDO(l,j,z)       = LDO(l,j,z)/RES;
 726   
 727  * Supply of transport margins at market prices (VST), adjusted proportionately
 728  * so that MRGNO = sum of tmrg for every margin commodity
 729  MRGNO(i,z)       = MRGNO(i,z)/RES;
 730   
 731  * Remuneration of capital at market prices, before taxes
 732  * (components of VFM, "primary factor purchases, by households, at market prices")
 733  RKDO(k,j,z)      = RKDO(k,j,z)/RES;
 734   
 735  * Direct taxes = factor payment at market prices (VFM)
 736  *                - primary factor sales at agents' prices (EVOA)
 737  TDHO(z)          = TDHO(z)/RES;
 738   
 739  * Domestic taxes on commodities = demand at agents' prices - demand at market prices:
 740  * Include 6 pairs of GTAP components
 741  *       VDPA - VDPM
 742  *       VIPA - VIPM
 743  *       VDGA - VDGM
 744  *       VIGA - VIGM
 745  *       VDFA - VDFM
 746  *       VIFA - VIFM
 747  TICO(i,z)        = TICO(i,z)/RES;
 748   
 749  * Net taxes on factor of production = factor employment tax revenue (FTRV)
 750  *                                     - factor-based subsidies (FBEP).
 751  TIKO(k,j,z)      = TIKO(k,j,z)/RES;
 752   
 753  * Import duties = "ordinary" import duties (TFRV)
 754  TIMO(i,z,zj)     = TIMO(i,z,zj)/RES;
 755   
 756  * Taxes on production = MINUS "ordinary output subsidies" (OSEP)
 757  TIPO(j,z)        = TIPO(j,z)/RES;
 758   
 759  * Net taxes on factor of production = factor employment tax revenue (FTRV)
 760  *                                     - factor-based subsidies (FBEP).
 761  TIWO(l,j,z)      = TIWO(l,j,z)/RES;
 762   
 763  * Taxes on exports = export tax equivalent of the Multi-Fiber Agreement (MFA)
 764  * quota premium(MFRV) + "ordinary" export taxes (XTRV)
 765  TIXO(i,z,zj)     = TIXO(i,z,zj)/RES;
 766   
 767  * Transport margins at world prices = sum of margins on imports (VTWR)
 768  tmrg(i,ij,z,zj)  = tmrg(i,ij,z,zj)/RES;
 769   
 770  * Domestic output = domestic supply (DSO) + supply of transport margins (MRGNO)
 771  *                   + exports (EXO) - taxes on exports (TIXO)
 772   
 773  XSO_I(i,z)        = XSO_I(i,z)/RES;
 774  XSO(j,i,z)        = XSO(j,i,z)/RES;
 775  XSTO(j,z)         = XSTO(j,z)/RES;
 776   
 777  *==============================================================================
 778  *  3.3 Exogenous prices and parameters
 779  *==============================================================================
 780   
 781  *  Price elasticity (should be equal to one to verify homogeneity)
 782  eta = 1;
 783   
 784  *==============================================================================
 785  * CES and CET elasticities
 786  *==============================================================================
 787  * CES elasticities are defined using GTAP8.1 data for imports
 788  * (sigma_M1 and sigma_M2) and value added (sigma_VA)
 789   
 790  * Other exogenous parameters can be defined if the Excel file VAL_PAR.XLS
 791  PARAMETER
 792  PARZ;
 793   
 794  *$CALL gdxxrw Input_w-1\JointB_VAL_230411_PAR.xls @Input_w-1\JointB_POWER_PAR.txt trace=0 output=Input_w-1\JointB_VAL_230411_PAR.gdx
 795   
 796  *$CALL gdxxrw JointB_VAL_230411_PAR.xls @Input_w-1\JointB_POWER_PAR.txt trace=0 output=Input_w-1\JointB_VAL_230411_PAR.gdx
 797  *$GDXIN Input_w-1\JointB_VAL_230411_PAR.gdx
GDXIN   C:\Users\kimc0\GUIDE_GLOBAL_CGE\1.Static_CGE\Output_w-1\JointB_VAL_230411_PAR.gdx
 799   
--- LOAD  sigma_KD = 1:sigma_KD
--- LOAD  sigma_LD = 2:sigma_LD
--- LOAD  sigma_KLE = 3:sigma_KLE
--- LOAD  sigma_X1 = 4:sigma_X1
--- LOAD  sigma_X2 = 5:sigma_X2
--- LOAD  sigma_X3 = 6:sigma_X3
--- LOAD  sigma_X0 = 7:sigma_X0
--- LOAD  sigma_Y = 8:sigma_y
--- LOAD  PARZ = 9:PARZ
 801   
 802  *$exit
 803  *------------------------------------------------------------------------------
 804  * CES - composite capital
 805  * We assume that the elasticity between the different type of capital
 806  * is twice that used for value added.
 807  * If the user wishes to assume otherwise, he can fill the appropriate area in
 808  * the Excel file VAL_PAR.xls and delete following line:
 809   sigma_KD(j,z)   = 2*sigma_VA(j,z);
 810  * sigma_KD(j,z)   = 0.5;
 811   sigma_KD('02_COAL','09_WEU')   = 0.5;
 812  *------------------------------------------------------------------------------
 813  * CES - composite labor
 814  * We assume that the elasticity between the different type of labor
 815  * is twice that used for value added.
 816  * If the user wishes to assume otherwise, he can fill the appropriate area in
 817  * the Excel file VAL_PAR.xls and delete following line:
 818   sigma_LD(j,z)   = 2*sigma_VA(j,z);
 819  * sigma_LD(j,z)   = 0.5;
 820  *------------------------------------------------------------------------------
 821  * CES - composite KLE, KE, ENER
 822  * sigma_KLE(j,z)  = 0.1 ;
 823   sigma_ENER(j,z) = 0.9 ;
 824   
 825  *------------------------------------------------------------------------------
 826  * CET - total output
 827  * We arbitrarily assume that the transformation elasticity between total exports,
 828  * domestic supply and margins is equal to 2 for all sectors and all region.
 829  * If the user wishes to assume otherwise, he can fill the appropriate area in
 830  * the Excel file VAL_PAR.xls.
 831   
 832  *------------------------------------------------------------------------------
 833  * CET - exports
 834  * We arbitrarily assume that the transformation elasticity between exports
 835  * to the different partners is equal to 3 for all sectors and all region.
 836  * If the user wishes to assume otherwise, he can fill the appropriate area in
 837  * the Excel file VAL_PAR.xls.
 838   
 839  *------------------------------------------------------------------------------
 840  * LES parameters - Frisch
 841  * We assume that the Frisch parameter is -1.1 for rich regions/countries and
 842  * -1.5 for other regions/countries.
 843   frisch(zrich)   = -1.1;
 844   frisch(zother)  = -1.5;
 845   
 846  * If the user wishes to assume otherwise, he can fill the appropriate area in
 847  * the Excel file VAL_PAR.xls, delete the previous 2 lines and uncomment the
 848  * following line:
 849   frisch(z)      = PARZ(z,'frisch');
 850   
 851  *------------------------------------------------------------------------------
 852  * LES parameters - Income elasticity of consumption
 853  * We arbitrarily assume that the income elasticity between is the same for all
 854  * region/country.
 855  * If the user wishes to assume otherwise, he can fill the appropriate area in
 856  * the Excel file VAL_PAR.xls.
 857   
 858  *------------------------------------------------------------------------------
 859  *  Slopes of taxation functions
 860  *   One can either choose to assign a value to the intercept and calibrate
 861  *   the slopes accordingly, or the other way around. This type of modelling
 862  *   can be useful to take into account known marginal savings or taxation rates
 863  *   or to deal with negative average saving rates in cases where savings are
 864  *   negative for some household groups.
 865  *   When no further information is available, one can simply set the intercepts
 866  *   to zero and calibrate an average rate: this is what we do here for ttdh0O.
 867  *   If the user wishes to assume otherwise, he can fill the appropriate area in
 868  *   the Excel file VAL_PAR.xls.
 869  * ttdh0O(z)       = PARZ(z,'ttdh0O');
 870   
 871   ttdh0O(z)       = 0;
 872  *   The slope ttdh1O is calibrated below in the mane GAMS file
 873   
 874  *------------------------------------------------------------------------------
 875  *  Elasticity - Investment demand function
 876  * We arbitrarily assume that this elasticity is equal to 2 for all types of
 877  * capital, all sectors and all regions.
 878  * If the user wishes to assume otherwise, he can fill the appropriate area in
 879  * the Excel file VAL_PAR.xls.
 880   
 881  *------------------------------------------------------------------------------
 882  * Also we need to assign values to some prices
 883  * All of the prices below, EXCEPT eO, may be set at arbitrary values
 884  * without loss of generality.
 885  *
 886  * In the case of eO, although exchange rates may be given arbitrary values
 887  * in the model, they must all be equal for calibration at this stage. The reason
 888  * is that the supply of margin transport services MRGNO must equal global demand.
 889  * Since there is a single world price for international transport margins
 890  * (rather than bilateral world prices for other commodities) the unit of
 891  * measurement of the volume of margin services must be the same for all regions,
 892  * and in turn, that implies that the divisor that converts the nominal value to
 893  * volume be the same for all regions. Since that divisor involves the exchange
 894  * rate, all exchange rates must be equal.
 895   
 896  * Normally, prices that may be given arbitrary values are set at 1:
 897   eO(z)           = 1;
 898   PEO(i,z,zj)     = 1;
 899   PLO(i,z)        = 1;
 900   PWMGO(i)        = 1;
 901   WO(l,z)         = 1;
 902   
 903  *==============================================================================
 904  * 4 Calibration
 905  *==============================================================================
 906  *  4.1 Calculation of income and savings related variables and parameters
 907  *==============================================================================
 908   YHKO(z)         = SUM[(k,j),RKDO(k,j,z)];
 909   YHLO(z)         = SUM[(l,j),LDO(l,j,z)];
 910   YHO(z)          = YHLO(z)+YHKO(z);
 911   YDHO(z)         = YHO(z)-TDHO(z);
 912   CTHO(z)         = SUM[i,CO(i,z)];
 913   SHO(z)          = YDHO(z)-CTHO(z);
 914   
 915   TICTO(z)        = SUM[i,TICO(i,z)];
 916   TIMTO(z)        = SUM[(i,zj),TIMO(i,zj,z)];
 917   TIWTO(z)        = SUM[(l,j),TIWO(l,j,z)];
 918   TIKTO(z)        = SUM[(k,j),TIKO(k,j,z)];
 919   TIPTO(z)        = SUM[j,TIPO(j,z)];
 920   TIXTO(z)        = SUM[(i,zj),TIXO(i,z,zj)];
 921   TPRODNO(z)      = TIKTO(z)+TIWTO(z)+TIPTO(z);
 922   TPRCTSO(z)      = TICTO(z)+TIMTO(z)+TIXTO(z);
 923   YGO(z)          = TDHO(z)+TPRCTSO(z)+TPRODNO(z);
 924   GO(z)           = SUM[i,CGO(i,z)];
 925   SGO(z)          = YGO(z)-GO(z);
 926   
 927   YROWO(z)        = SUM[(i,zj),IMO(i,zj,z)]+SUM[(i,ij,zj),tmrg(i,ij,zj,z)];
 928   SROWO(z)        = YROWO(z)-SUM[(i,zj),EXO(i,z,zj)]-SUM[i,MRGNO(i,z)];
 929   CABO(z)         = -SROWO(z);
 930   
 931   ITO(z)          = SHO(z)+SGO(z)+SROWO(z);
 932   
 933  *==============================================================================
 934  *  4.2 Calibration of parameters and other variables
 935  *==============================================================================
 936  *  4.2.1 Calibration of investment and government spending shares
 937  *==============================================================================
 938   gamma_GVT(i,z)  = CGO(i,z)/SUM[ij,CGO(ij,z)];
 939   gamma_INV(i,z)  = INVO(i,z)/SUM[ij,INVO(ij,z)] ;
 940   
 941  *==============================================================================
 942  *  4.2.2 Calibration of other prices and revised volumes (part 1)
 943  *==============================================================================
 944   LDO(l,j,z)      = LDO(l,j,z)/WO(l,z);
 945   LDCO(j,z)       = SUM[l,LDO(l,j,z)];
 946   LSO(l,z)        = SUM[j,LDO(l,j,z)];
 947   EXO(i,z,zj)     = [EXO(i,z,zj)-TIXO(i,z,zj)]/PEO(i,z,zj);
 948   EXTO(i,z)       = SUM[zj,EXO(i,z,zj)];
 949   
 950   PWXO(i,z,zj)$EXO(i,z,zj)
 951                   = {[PEO(i,z,zj)*EXO(i,z,zj)+TIXO(i,z,zj)]/EXO(i,z,zj)}/eO(z);
 952   
 953   PETO(i,z)       = SUM[zj,PEO(i,z,zj)*EXO(i,z,zj)]/EXTO(i,z);
 954   PWMO(i,z,zj)    = PWXO(i,z,zj);
 955   IMO(i,zj,z)     = EXO(i,zj,z);
 956   IMTO(i,z)       = SUM[zj,IMO(i,zj,z)];
 957   
 958   DSO(j,i,z)       = DSO(j,i,z)/PLO(i,z);
 959   DSO_I(i,z)       = SUM(j,DSO(j,i,z));
 960   DSO_J(j,z)       = SUM(i,DSO(j,i,z));
 961   QO(i,z)         = IMTO(i,z)+DDO(i,z);
 962   
 963   MRGNO(i,z)$MRGNO(i,z)
 964                   = MRGNO(i,z)/[eO(z)*PWMGO(i)];
 965   
 966   XSO_I(i,z)      = EXTO(i,z)+DDO(i,z)+MRGNO(i,z);
 967   
 968   XSTO(j,z)       = sum(i, XSO(j,i,z));
 969   
 970   PO(i,z)        = [PETO(i,z)*EXTO(i,z)+PLO(i,z)*DSO_I(i,z)
 971                    +eO(z)*PWMGO(i)*MRGNO(i,z)]/XSO_I(i,z);
 972   
 973   PO2(j,i,z)$XSO(j,i,z) = 1;
 974   
 975   PO3(i,j,z)$XSO(j,i,z) = 1;
 976   
 977   PIO(i,z)       = SUM[j$XSO(j,i,z),PO2(J,I,z)*XSO(j,i,z)]/XSO_I(i,z);
 978   
 979   PTO(j,z)       = SUM[i$XSO(j,i,z),PO2(j,i,z)*XSO(j,i,z)]/XSTO(j,z);
 980   
 981   PPO(j,z)       = [SUM[l,TIWO(l,j,z)+WO(l,z)*LDO(l,j,z)]
 982                    +SUM[k,TIKO(k,j,z)+RKDO(k,j,z)]
 983                    +SUM[nene,DIO(nene,j,z)]+SUM[ene,DIO(ene,j,z)]]/XSTO(j,z);
 984   
 985   theta2(j,i,z) = DSO(j,i,z)/sum(jj, DSO(jj,i,z));
 986   
 987   EXTTO(j,i,z)$DSO(j,i,z) = theta2(j,i,z)*EXTO(i,z);
 988   
 989  *==============================================================================
 990  *  4.3 Calibration of tax rates, margins, prices and volumes
 991  *==============================================================================
 992  *  4.3.1 Margin rates and tax rates
 993  *==============================================================================
 994   ttixO(i,z,zj)   = [eO(z)*PWXO(i,z,zj)/PEO(i,z,zj)]-1;
 995   tticO(i,z)      = TICO(i,z)/{PLO(i,z)*DDO(i,z)
 996                     +SUM[zj,IMO(i,zj,z)*eO(z)*PWMO(i,zj,z)
 997                     +TIMO(i,zj,z)+SUM[ij,tmrg(ij,i,zj,z)]]};
 998   
 999   tmrg(i,ij,zj,z)$IMO(ij,zj,z)
1000                   = tmrg(i,ij,zj,z)/(PWMGO(i)*eO(z)*IMO(ij,zj,z));
1001   
1002   ttimO(i,zj,z)$IMO(i,zj,z)
1003                   = TIMO(i,zj,z)/{IMO(i,zj,z)*eO(z)*(PWMO(i,zj,z)
1004                    +SUM[ij,PWMGO(ij)*tmrg(ij,i,zj,z)])};
1005   
1006   ttiwO(l,j,z)$LDO(l,j,z)
1007                   = TIWO(l,j,z)/[WO(l,z)*LDO(l,j,z)];
1008   
1009   ttikO(k,j,z)$RKDO(k,j,z)
1010                   = TIKO(k,j,z)/RKDO(k,j,z);
1011   
1012   ttipO(j,z)      = [PTO(j,z)/PPO(j,z)]-1;
1013   
1014   ttdh1O(z)       = [TDHO(z)-ttdh0O(z)]/YHO(z);
1015   
1016   
1017  *==============================================================================
1018  *  4.9 CO2 emission
1019  *==============================================================================
INCLUDE    C:\Users\kimc0\GUIDE_GLOBAL_CGE\1.Static_CGE\Output_w-1\DATA_WEB-2019_240325.gms
1021   
1022  Set flow, commodity
1023   
1024  flow flow
1025  /
1026  f1_INDPROD      Production
1027  f2_IMPORTS      Imports
1028  f3_EXPORTS      Exports
1029  f5_MARBUNK      International marine bunkers
1030  f4_AVBUNK       International aviation bunkers
1031  f6_STOCKCHA     Stock changes
1032  f7_TES          Total energy supply
1033  f8_TRANSFER     Transfers
1034  f9_STATDIFF     Statistical differences
1035  f10_TOTTRANF    Transformation process
1036  f11_MAINELEC    Main activity producer electricity plants
1037  f12_AUTOELEC    Autoproducer electricity plants
1038  f13_MAINCHP     Main activity producer CHP plants
1039  f14_AUTOCHP     Autoproducer CHP plants
1040  f15_MAINHEAT    Main activity producer heat plants
1041  f16_AUTOHEAT    Autoproducer heat plants
1042  f17_THEAT       Heat pumps
1043  f19_TBOILER     Electric boilers
1044  f18_TELE        Chemical heat for electricity production
1045  f20_TBLASTFUR   Blast furances
1046  f21_TGASWKS     Gas works
1047  f22_TCOKEOVS    Coke ovens
1048  f23_TPATFUEL    Patent fuel plants
1049  f24_TBKB        BKB peat briquettes
1050  f25_TREFINER    Oil refineries
1051  f26_TPETCHEM    Petrochemical plants
1052  f27_TCOALLIQ    Coal liquefaction
1053  f28_TGTL        Gas-to-liquids plants
1054  f29_TBLENDGAS   For blened natural gas
1055  f30_TCHARCOAL   Charocal production plants
1056  f31_TNONSPEC    Non-specific transformation
1057  f32_TOTENGY     Energy industry own use
1058  f33_EMINES      Coal mines
1059  f34_EOILGASEX   Oil and gas extraction
1060  f35_EBLASTFUR   Blast furances
1061  f36_EGASWKS     Gas works
1062  f37_EBIOGAS     Gasfication plants for biogases
1063  f38_ECOKEOVS    Coke ovens
1064  f39_EPATFUEL    Patent fuel plants
1065  f40_EBKB        BKB peat briquettes
1066  f41_EREFINER    Oil refineries
1067  f42_ECOALLIQ    Coal liquefaction plants
1068  f43_ELNG        Liqefaction regasification plants
1069  f44_EGTL        Gas to liquids plants
1070  f45_EPOWERPLT   Own use in electricity CHP and heat plants
1071  f46_EPUMPST     Pumped storage plants
1072  f47_ENUC        Nuclear industry
1073  f48_ECHARCOAL   Charcoal production plants
1074  f49_ENONSPEC    Non specified
1075  f50_DISTLOSS    Losses
1076  f51_TFC         Total final consumption
1077  f52_AGRICULT    Agriculture forestry
1078  f53_FISHING     Fishing
1079  f54_MINING      Mining and quarrying
1080  f55_FOODPRO     Food and tobacco
1081  f56_TEXTILES    Textile and leather
1082  f57_WOODPRO     Wood and wood products
1083  f58_PAPERPRO    Paper pulp and print
1084  f59_CHEMICAL    Chemical and petrochemical
1085  f60_NONMET      Non metallic minerals
1086  f61_IRONSTL     Iron and steel
1087  f62_NONFERR     Non ferrous metals
1088  f63_MACHINE     Machinery
1089  f64_TRANSEQ     Transport equipment
1090  f65_INONSPEC    Industry not elsewhere specified
1091  f66_CONSTRUC    Construction
1092  f67_COMMPUB     Commerical and public services
1093  f68_ONONSPEC    Final consumption not elsewhere specified
1094  f69_RESIDENT    Residential
1095  f70_ROAD        Road
1096  f71_RAIL        Rail
1097  f72_DOMESAIR    Domestic aviation
1098  f73_DOMESNAV    Domestic navigation
1099  f74_PIPELINE    Pipeline transport
1100  f75_TRNONSPE    Transport not elsewhere
1101  f76_NEMINING    Non energy use in mining and quarrying
1102  f77_NEFOODPRO   Non energy use in food beverages tobacco
1103  f78_NETEXTILES  Non energy use in textiles and leather
1104  f79_NEWOODPRO   Non energy use in wood and wood products
1105  f80_NEPAPERPRO  Non energy use in paper pulp and printing
1106  f81_NECHEM      Non energy use in chemical petrochemical
1107  f82_NENONMET    Non energy use in non metallic minerals
1108  f83_NEIRONSTL   Non energy use in iron and steel
1109  f84_NENONFERR   Non energy use in non ferrous metals
1110  f85_NEMACHINE   Non energy use in machinery
1111  f86_NETRANSEQ   Non energy use in transport equipment
1112  f87_NEINONSPEC  Non energy use in non specified industry
1113  f88_NECONSTRUC  Non energy use in construction
1114  f89_NEOTHER     Non energy use in other residential commerical public services agriculture forestry and fishing
1115  f90_NETRANS     Non energy use in transport
1116  f91_TOTIND      Industry
1117  f92_MANUFACT    Mnaufacturing
1118  f93_TOTTRANS    Transport
1119  f94_NONENUSE    Non energy use
1120  f95_NEINTREN    Non energy use industry transformation energy
1121  f96_NEIND       Non energy use in industry
1122  f97_WORLDAV     World aviation bunkers
1123  f98_WORLDMAR    World marine bunkers
1124  f99_ELOUTPUT    Electrictiy output GWh
1125  f100_ELMAINE    Electrictiy output GWh main activity producer electrictiy plants
1126  f101_ELAUTOE    Electrictiy output GWh autoproducer electricity plants
1127  f102_ELMAINC    Electrictiy output GWh main activty producer CHP plants
1128  f103_ELAUTOC    Electrictiy output GWh autoproducer CHP plants
1129  f104_HEATOUT    Heat output
1130  f105_HEMAINC    Heat output main activity producer CHP plants
1131  f106_HEAUTOC    Heat output autoproducer CHP plants
1132  f107_HEMAINH    Heat output main activity producer heat plants
1133  f108_HEAUTOH    Heat output autoproducer heat plants
1134  /
1135   
1136  product energy product
1137  /
1138  p1_HARDCOAL      Hard coal
1139  p2_BROWN         Brown coal
1140  p3_ANTCOAL       Anthracite
1141  p4_COKCOAL       Coking coal
1142  p5_BITCOAL       Other bittuminous coal
1143  p6_SUBCOAL       Sub-bituminous coal
1144  p7_LIGNITE       Lignite
1145  p8_PATFUEL       Patent fuel
1146  p9_OVENCOKE      Coke oven coke
1147  p10_GASCOKE      Gas coke
1148  p11_COALTAR      Coal tar
1149  p12_BKB          Brown coal briquettes
1150  p13_GASWKSGS     Gas works gas
1151  p14_COKEOVGS     Coke oven gas
1152  p15_BLFURGS      Blast furnace gas
1153  p16_OGASES       Other recovered gases
1154  p17_PEAT         Peat
1155  p18_PEATPROD     Peat products
1156  p19_OILSHALE     Oil shale and oil sands
1157  p20_NATGAS       Natural gas
1158  p21_CRNGFEED     Crude NGL feedstock
1159  p22_CRUDEOIL     Curde oil
1160  p23_NGL          Natural gas liquids
1161  p24_REFFEEDS     Refinery feedstocks
1162  p25_ADDITIVE     Addtitives blending components
1163  p26_NONCRUDE     Other hydrocarbons
1164  p27_REFINGAS     Refinery gas
1165  p28_ETHANE       Ethane
1166  p29_LPG          Liquefied petroleum gases(LPG)
1167  p30_NONBIOGASO   Motor gasoline (excl. biofuels)
1168  p31_AVGAS        Aviation gasoline
1169  p32_JETGAS       Jet fuel Gasoline tpye
1170  p33_NONBIOJETK   Jet fuel Kerosene type (excl. biofuels)
1171  p34_OTHKERO      Kerosene
1172  p35_NONBIODIES   Diesel oil (excl. biofuels)
1173  p36_RESFUEL      Fuel oil
1174  p37_NAPHTHA      Naphtha
1175  p38_WHITESP      Solvent (White spirit and industrial sprit SBP)
1176  p39_LUBRIC       Lubricants
1177  p40_BITUMEN      Bitumen (Asphalt)
1178  p41_PARWAX       Paraffin waxes
1179  p42_PETCOKE      Petroleum coke
1180  p43_ONONSPEC     Other oil products
1181  p44_INDWASTE     Industrial waste
1182  p45_MUNWASTER    Municipal waste(renewable)
1183  p46_MUNWASTEN    Municipal waste(non-renewable)
1184  p47_PRIMSBIO     Primary solid biofuels
1185  p48_BIOGASES     Biogases
1186  p49_BIOGASOL     Biogasoline
1187  p50_BIODIESEL    Biodiesels
1188  p51_BIOJETKERO   Bio jet kerosene
1189  p52_OBIOLIQ      Other liquid biofuels
1190  p53_RENEWNS      Non-specified primary biofuels and waste
1191  p54_CHARCOAL     Charcoal
1192  p55_NUCLEAR      Nuclear
1193  p56_HYDRO        Hydro
1194  p57_GEOTHERM     Geothermal
1195  p58_SOLARPV      Solar photovaltaics
1196  p59_SOLARTH      Solar thermal
1197  p60_TIDE         Tide wave and ocean
1198  p61_WIND         Wind
1199  p62_OTHER        Other sources includes production not included elsewhere such as fuel cells
1200  p63_ELECTR       Electricity
1201  p64_HEAT         Heat
1202  p65_HEATNS       Heat output from non-specified combustible fuels
1203  p66_TOTAL        Total
1204  p67_MANGAS       Elec heat output from non-specified manufactured gases
1205  p68_MRENEW       Memo Renewable
1206  /
1207   
1208  *===========================Products Mapping====================================
1209  p_coal(product)
1210  /
1211  p1_HARDCOAL      Hard coal
1212  p2_BROWN         Brown coal
1213  p3_ANTCOAL       Anthracite
1214  p4_COKCOAL       Coking coal
1215  p5_BITCOAL       Other bittuminous coal
1216  p6_SUBCOAL       Sub-bituminous coal
1217  p7_LIGNITE       Lignite
1218  p8_PATFUEL       Patent fuel
1219  *p9_OVENCOKE      Coke oven coke
1220  *p10_GASCOKE      Gas coke
1221  p11_COALTAR      Coal tar
1222  p12_BKB          Brown coal briquettes
1223  *p13_GASWKSGS     Gas works gas
1224  *p14_COKEOVGS     Coke oven gas
1225  p15_BLFURGS      Blast furnace gas
1226  p16_OGASES       Other recovered gases
1227  /
1228   
1229  p_coal3(product)
1230  /
1231  p1_HARDCOAL      Hard coal
1232  p2_BROWN         Brown coal
1233  p3_ANTCOAL       Anthracite
1234  p4_COKCOAL       Coking coal
1235  p5_BITCOAL       Other bittuminous coal
1236  p6_SUBCOAL       Sub-bituminous coal
1237  p7_LIGNITE       Lignite
1238  p8_PATFUEL       Patent fuel
1239  p9_OVENCOKE      Coke oven coke
1240  p10_GASCOKE      Gas coke
1241  p11_COALTAR      Coal tar
1242  p12_BKB          Brown coal briquettes
1243  p13_GASWKSGS     Gas works gas
1244  p14_COKEOVGS     Coke oven gas
1245  p15_BLFURGS      Blast furnace gas
1246  p16_OGASES       Other recovered gases
1247  /
1248   
1249  p_oil(product)
1250  /
1251  p22_CRUDEOIL     Curde oil
1252  /
1253   
1254  p_gasoil(product)
1255  /
1256  p20_NATGAS       Natural gas
1257  p22_CRUDEOIL     Curde oil
1258  /
1259   
1260  p_gas(product)
1261  /
1262  p13_GASWKSGS     Gas works gas
1263  p20_NATGAS       Natural gas
1264  p23_NGL          Natural gas liquids
1265  /
1266   
1267  p_oilproduct(product)
1268  /
1269  p9_OVENCOKE      Coke oven coke
1270  p10_GASCOKE      Gas coke
1271  p14_COKEOVGS     Coke oven gas
1272  p24_REFFEEDS     Refinery feedstocks
1273  p27_REFINGAS     Refinery gas
1274  p28_ETHANE       Ethane
1275  p29_LPG          Liquefied petroleum gases(LPG)
1276  p30_NONBIOGASO   Motor gasoline (excl. biofuels)
1277  p31_AVGAS        Aviation gasoline
1278  p32_JETGAS       Jet fuel Gasoline tpye
1279  p33_NONBIOJETK   Jet fuel Kerosene type (excl. biofuels)
1280  p34_OTHKERO      Kerosene
1281  p35_NONBIODIES   Diesel oil (excl. biofuels)
1282  p36_RESFUEL      Fuel oil
1283  p37_NAPHTHA      Naphtha
1284  p38_WHITESP      Solvent (White spirit and industrial sprit SBP)
1285  p39_LUBRIC       Lubricants
1286  p40_BITUMEN      Bitumen (Asphalt)
1287  p41_PARWAX       Paraffin waxes
1288  p42_PETCOKE      Petroleum coke
1289  p43_ONONSPEC     Other oil products
1290  /
1291   
1292  p_liquid(p_oilproduct)
1293  /
1294  p29_LPG          Liquefied petroleum gases(LPG)
1295  p30_NONBIOGASO   Motor gasoline (excl. biofuels)
1296  p31_AVGAS        Aviation gasoline
1297  p32_JETGAS       Jet fuel Gasoline tpye
1298  p33_NONBIOJETK   Jet fuel Kerosene type (excl. biofuels)
1299  p34_OTHKERO      Kerosene
1300  p35_NONBIODIES   Diesel oil (excl. biofuels)
1301  p36_RESFUEL      Fuel oil
1302  /
1303   
1304  p_oilproduct_feed(product)
1305  /
1306  p37_NAPHTHA      Naphtha
1307  p38_WHITESP      Solvent (White spirit and industrial sprit SBP)
1308  p39_LUBRIC       Lubricants
1309  p40_BITUMEN      Bitumen (Asphalt)
1310  p41_PARWAX       Paraffin waxes
1311  p42_PETCOKE      Petroleum coke
1312  p43_ONONSPEC     Other oil products
1313  /
1314   
1315  p_nuclear(product)
1316  /
1317  p55_NUCLEAR      Nuclear
1318  /
1319   
1320  p_solar(product)
1321  /
1322  p58_SOLARPV      Solar photovaltaics
1323  p61_WIND      Solar thermal
1324  /
1325   
1326  p_wind(product)
1327  /
1328  p61_WIND         Wind
1329  /
1330   
1331  p_hydro(product)
1332  /
1333  p56_HYDRO        Hydro
1334  /
1335   
1336  p_elecother(product)
1337  /
1338  p44_INDWASTE     Industrial waste
1339  p45_MUNWASTER    Municipal waste(renewable)
1340  p46_MUNWASTEN    Municipal waste(non-renewable)
1341  p47_PRIMSBIO     Primary solid biofuels
1342  p48_BIOGASES     Biogases
1343  p49_BIOGASOL     Biogasoline
1344  p50_BIODIESEL    Biodiesels
1345  p51_BIOJETKERO   Bio jet kerosene
1346  p52_OBIOLIQ      Other liquid biofuels
1347  p57_GEOTHERM     Geothermal
1348  p60_TIDE         Tide wave and ocean
1349  p62_OTHER        Other sources includes production not included elsewhere such as fuel cells
1350  /
1351   
1352  p_elecheat(product)
1353  /
1354  p63_ELECTR    Electricity
1355  p64_HEAT      Heat
1356  /
1357   
1358  p_elec(product)
1359  /
1360  p63_ELECTR    Electricity
1361  /
1362   
1363  p_heat(product)
1364  /
1365  p64_HEAT      Heat
1366  /
1367   
1368  p_ftotal(product)
1369  /
1370  p1_HARDCOAL      Hard coal
1371  p2_BROWN         Brown coal
1372  p3_ANTCOAL       Anthracite
1373  p4_COKCOAL       Coking coal
1374  p5_BITCOAL       Other bittuminous coal
1375  p6_SUBCOAL       Sub-bituminous coal
1376  p7_LIGNITE       Lignite
1377  p8_PATFUEL       Patent fuel
1378  *p9_OVENCOKE      Coke oven coke
1379  *p10_GASCOKE      Gas coke
1380  *p11_COALTAR      Coal tar
1381  p12_BKB          Brown coal briquettes
1382  *p13_GASWKSGS     Gas works gas
1383  *p14_COKEOVGS     Coke oven gas
1384  *p15_BLFURGS      Blast furnace gas
1385  *p16_OGASES       Other recovered gases
1386   
1387  p13_GASWKSGS     Gas works gas
1388  p20_NATGAS       Natural gas
1389  p23_NGL          Natural gas liquids
1390   
1391  p29_LPG          Liquefied petroleum gases(LPG)
1392  p30_NONBIOGASO   Motor gasoline (excl. biofuels)
1393  p31_AVGAS        Aviation gasoline
1394  p32_JETGAS       Jet fuel Gasoline tpye
1395  p33_NONBIOJETK   Jet fuel Kerosene type (excl. biofuels)
1396  p34_OTHKERO      Kerosene
1397  p35_NONBIODIES   Diesel oil (excl. biofuels)
1398  p36_RESFUEL      Fuel oil
1399   
1400  p63_ELECTR    Electricity
1401  p64_HEAT      Heat
1402   
1403  /
1404   
1405  p_coal_agg(product)
1406  /p3_ANTCOAL
1407  p4_COKCOAL
1408  p5_BITCOAL
1409  p6_SUBCOAL
1410  p7_LIGNITE
1411  p8_PATFUEL
1412  p9_OVENCOKE
1413  p10_GASCOKE
1414  p11_COALTAR
1415  p12_BKB
1416  p13_GASWKSGS
1417  p14_COKEOVGS
1418  p15_BLFURGS
1419  p16_OGASES
1420  /
1421   
1422  p_natgas(product)
1423  /p20_NATGAS
1424  /
1425   
1426  p_crudeoil(product)
1427  /p22_CRUDEOIL
1428  /
1429   
1430  p_oilproduct_agg(product)
1431  /
1432  p23_NGL
1433  p27_REFINGAS
1434  p28_ETHANE
1435  p29_LPG
1436  p30_NONBIOGASO
1437  p31_AVGAS
1438  p33_NONBIOJETK
1439  p34_OTHKERO
1440  p35_NONBIODIES
1441  p36_RESFUEL
1442  p37_NAPHTHA
1443  p38_WHITESP
1444  p39_LUBRIC
1445  p40_BITUMEN
1446  p42_PETCOKE
1447  p43_ONONSPEC
1448  /
1449   
1450   
1451   
1452   
1453  *===========================Flows Mapping====================================
1454  f_balstfur(flow)
1455  /
1456  f20_TBLASTFUR   Blast furances
1457  /
1458   
1459  f_cokeoven(flow)
1460  /
1461  f22_TCOKEOVS    Coke ovens
1462  /
1463   
1464  f_eblastcoke(flow)
1465  /
1466  f35_EBLASTFUR   Blast furances
1467  f38_ECOKEOVS    Coke ovens
1468  /
1469   
1470  f_tpetrochem(flow)
1471  /
1472  f26_TPETCHEM    Petrochemical plants
1473  /
1474   
1475  f_prod(flow)
1476  /
1477  f1_INDPROD      Production
1478  /
1479   
1480  f_agri(flow)
1481  /
1482  f52_AGRICULT    Agriculture forestry
1483  f53_FISHING     Fishing
1484  /
1485   
1486  f_coa(flow)
1487  /
1488  f33_EMINES      Coal mines
1489  /
1490   
1491  f_oil(flow)
1492  /
1493  f34_EOILGASEX   Oil and gas extraction
1494  /
1495   
1496  f_gas(flow)
1497  /
1498  f21_TGASWKS     Gas works
1499  f34_EOILGASEX   Oil and gas extraction
1500  f36_EGASWKS     Gas works
1501  /
1502   
1503  f_mining(flow)
1504  /
1505  f54_MINING      Mining and quarrying
1506  /
1507   
1508  f_foodpro(flow)
1509  /
1510  f55_FOODPRO     Food and tobacco
1511  /
1512   
1513  f_textiles(flow)
1514  /
1515  f56_TEXTILES    Textile and leather
1516  /
1517   
1518  f_woodpro(flow)
1519  /
1520  f57_WOODPRO     Wood and wood products
1521  /
1522   
1523  f_paperpro(flow)
1524  /
1525  f58_PAPERPRO    Paper pulp and print
1526  /
1527   
1528  f_petrolcoal(flow)
1529  /
1530  *f20_TBLASTFUR   Blast furances
1531  *f22_TCOKEOVS    Coke ovens
1532  *f23_TPATFUEL    Patent fuel plants
1533  *f24_TBKB        BKB peat briquettes
1534  *f25_TREFINER    Oil refineries
1535  *f26_TPETCHEM    Petrochemical plants
1536  *f27_TCOALLIQ    Coal liquefaction
1537  *f28_TGTL        Gas-to-liquids plants
1538   
1539  *f33_EMINES      Coal mines
1540  *f34_EOILGASEX   Oil and gas extraction
1541  *f35_EBLASTFUR   Blast furances
1542  *f36_EGASWKS     Gas works
1543  *f37_EBIOGAS     Gasfication plants for biogases
1544  *f38_ECOKEOVS    Coke ovens
1545  *f39_EPATFUEL    Patent fuel plants
1546  *f40_EBKB        BKB peat briquettes
1547  f41_EREFINER    Oil refineries
1548  f42_ECOALLIQ    Coal liquefaction plants
1549  *f43_ELNG        Liqefaction regasification plants
1550  *f44_EGTL        Gas to liquids plants
1551  *f45_EPOWERPLT   Own use in electricity CHP and heat plants
1552  *f46_EPUMPST     Pumped storage plants
1553  *f47_ENUC        Nuclear industry
1554  *f48_ECHARCOAL   Charcoal production plants
1555  *f49_ENONSPEC    Non specified
1556  *f50_DISTLOSS    Losses
1557  /
1558   
1559  *https://www.gtap.agecon.purdue.edu/databases/contribute/concordinfo.asp
1560  *p_c Petroleum & Coke: manufacture of coke and refined petroleum products
1561  *1910 Manufacture of coke oven products
1562  *1920 Manufacture of refined petroleum products
1563   
1564  f_chemical(flow)
1565  /
1566  f59_CHEMICAL    Chemical and petrochemical
1567  /
1568   
1569  f_nonmet(flow)
1570  /
1571  f60_NONMET      Non metallic minerals
1572  /
1573   
1574  f_ironstl(flow)
1575  /
1576  f61_IRONSTL     Iron and steel
1577  /
1578   
1579  f_nonferr(flow)
1580  /
1581  f62_NONFERR     Non ferrous metals
1582  /
1583   
1584  f_machine(flow)
1585  /
1586  f63_MACHINE     Machinery
1587  /
1588   
1589  f_transeq(flow)
1590  /
1591  f64_TRANSEQ     Transport equipment
1592  /
1593   
1594  f_otherind(flow)
1595  /
1596  f65_INONSPEC    Industry not elsewhere specified
1597  /
1598   
1599  f_elec(flow)
1600  /
1601  f11_MAINELEC    Main activity producer electricity plants
1602  *f12_AUTOELEC    Autoproducer electricity plants
1603  f13_MAINCHP     Main activity producer CHP plants
1604  *f14_AUTOCHP     Autoproducer CHP plants
1605  f15_MAINHEAT    Main activity producer heat plants
1606  *f16_AUTOHEAT    Autoproducer heat plants
1607  *f17_THEAT       Heat pumps
1608  *f19_TBOILER     Electric boilers
1609  *f45_EPOWERPLT   Own use in electricity CHP and heat plants
1610  *f46_EPUMPST     Pumped storage plants
1611  /
1612   
1613  f_construc(flow)
1614  /
1615  f66_CONSTRUC    Construction
1616  /
1617   
1618  f_ser(flow)
1619  /
1620  f67_COMMPUB     Commerical and public services
1621  f68_ONONSPEC    Final consumption not elsewhere specified
1622  /
1623   
1624  f_household(flow)
1625  /
1626  f69_RESIDENT    Residential
1627  /
1628   
1629  f_roadrail(flow)
1630  /
1631  f70_ROAD        Road
1632  f71_RAIL        Rail
1633  f74_PIPELINE    Pipeline transport
1634  f75_TRNONSPE    Transport not elsewhere
1635  /
1636   
1637  f_domeair(flow)
1638  /
1639  f72_DOMESAIR    Domestic aviation
1640  /
1641   
1642  f_domewater(flow)
1643  /
1644  f73_DOMESNAV    Domestic navigation
1645  /
1646   
1647  *Non-energy
1648  f_nemining(flow)
1649  /
1650  f76_NEMINING    Non energy use in mining and quarrying
1651  /
1652   
1653  f_nefoodpro(flow)
1654  /
1655  f77_NEFOODPRO   Non energy use in food beverages tobacco
1656  /
1657   
1658  f_netextiles(flow)
1659  /
1660  f78_NETEXTILES  Non energy use in textiles and leather
1661  /
1662   
1663  f_newoodpro(flow)
1664  /
1665  f79_NEWOODPRO   Non energy use in wood and wood products
1666  /
1667   
1668  f_nepaperpro(flow)
1669  /
1670  f80_NEPAPERPRO  Non energy use in paper pulp and printing
1671  /
1672   
1673  f_nechemical(flow)
1674  /
1675  f81_NECHEM      Non energy use in chemical petrochemical
1676  /
1677   
1678  f_nenonmet(flow)
1679  /
1680  f82_NENONMET    Non energy use in non metallic minerals
1681  /
1682   
1683  f_neironstl(flow)
1684  /
1685  f83_NEIRONSTL   Non energy use in iron and steel
1686  /
1687   
1688  f_nenonferr(flow)
1689  /
1690  f84_NENONFERR   Non energy use in non ferrous metals
1691  /
1692   
1693  f_nemachine(flow)
1694  /
1695  f85_NEMACHINE   Non energy use in machinery
1696  /
1697   
1698  f_netranseq(flow)
1699  /
1700  f86_NETRANSEQ   Non energy use in transport equipment
1701  /
1702   
1703  f_neotherind(flow)
1704  /
1705  f87_NEINONSPEC  Non energy use in non specified industry
1706  /
1707   
1708  f_neconstruc(flow)
1709  /
1710  f88_NECONSTRUC  Non energy use in construction
1711  /
1712   
1713  f_netransport(flow)
1714  /
1715  f90_NETRANS     Non energy use in transport
1716  /
1717   
1718  f_neother(flow)
1719  /
1720  f89_NEOTHER     Non energy use in other residential commerical public services agriculture forestry and fishing
1721  /
1722   
1723  f_elecoutput(flow)
1724  /
1725  f99_ELOUTPUT    Electrictiy output GWh
1726  /
1727   
1728  type
1729  /
1730  CO2EF,
1731  CH4EF,
1732  N2OEF,
1733  Stored_rate
1734  /
1735   
1736  punit
1737  /
1738  physical
1739  /
1740   
1741  ;
1742   
1743  Alias(p_coal, p_coal2);
1744  Alias(p_coal3, p_coal4);
1745  Alias(p_gas, p_gas2);
1746  Alias(p_oil, p_oil2);
1747  Alias(p_oilproduct, p_oilproduct2);
1748  Alias(p_elecheat, p_elecheat2);
1749  Alias
1750  *=== Import from Excel using GDX utilities
1751  *Unit 2019 ktoe
1752  Parameter
****          $7
**** LINE    732 INCLUDE     C:\Users\kimc0\GUIDE_GLOBAL_CGE\1.Static_CGE\Output_w-1\DATA_WEB-2019_240325.gms
**** LINE   1020 INPUT       C:\Users\kimc0\GUIDE_GLOBAL_CGE\1.Static_CGE\Output_w-1\Model_PEP-w-1_v4.0_GTAP11_240325.gms
****   7  '(' expected
1753  WEB_KOR(flow,product),
1754  WEB_CHN(flow,product),
1755  WEB_JPN(flow,product),
1756  WEB_RUS(flow,product),
1757  WEB_MNG(flow,product),
1758  WEB_PRK(flow,product),
1759  WEB_NAM(flow,product),
1760  WEB_LAM(flow,product),
1761  WEB_WEU(flow,product),
1762  WEB_EEU(flow,product),
1763  WEB_FSU(flow,product),
1764  WEB_MEA(flow,product),
1765  WEB_AFR(flow,product),
1766  WEB_CPA(flow,product),
1767  WEB_SAS(flow,product),
1768  WEB_PAS(flow,product),
1769  WEB_PAO(flow,product),
1770  GHGsEF(product,type) kgC per TJ,
1771  physical_unit(product,punit)
1772  ;
1773   
1774  $onEcho > Input_WEB/WEB19.txt
****                              $459
**** LINE    754 INCLUDE     C:\Users\kimc0\GUIDE_GLOBAL_CGE\1.Static_CGE\Output_w-1\DATA_WEB-2019_240325.gms
**** LINE   1020 INPUT       C:\Users\kimc0\GUIDE_GLOBAL_CGE\1.Static_CGE\Output_w-1\Model_PEP-w-1_v4.0_GTAP11_240325.gms
**** 459  $echo file cannot be opened
      par=WEB_KOR        rng=01_KOR!A1:BQ109
      par=WEB_CHN        rng=02_CHN!A1:BQ109
      par=WEB_JPN        rng=03_JPN!A1:BQ109
      par=WEB_RUS        rng=04_RUS!A1:BQ109
      par=WEB_MNG        rng=05_MNG!A1:BQ109
      par=WEB_PRK        rng=06_PRK!A1:BQ109
      par=WEB_NAM        rng=07_NAM!A1:BQ109
      par=WEB_LAM        rng=08_LAM!A1:BQ109
      par=WEB_WEU        rng=09_WEU!A1:BQ109
      par=WEB_EEU        rng=10_EEU!A1:BQ109
      par=WEB_FSU        rng=11_FSU!A1:BQ109
      par=WEB_MEA        rng=12_MEA!A1:BQ109
      par=WEB_AFR        rng=13_AFR!A1:BQ109
      par=WEB_CPA        rng=14_CPA!A1:BQ109
      par=WEB_SAS        rng=15_SAS!A1:BQ109
      par=WEB_PAS        rng=16_PAS!A1:BQ109
      par=WEB_PAO        rng=17_PAO!A1:BQ109
      par=GHGsEF         rng=EF!A1:E69
      par=physical_unit  rng=Physical_Unit!A1:B69
1794  $offEcho
1795   
**** File: C:\Users\kimc0\GUIDE_GLOBAL_CGE\1.Static_CGE\Output_w-1\Input_WEB\230425_WEB19.gdx
**** Msg : No such file or directory
1797  $gdxIn Input_WEB/230425_WEB19.gdx
****                                  $510
**** LINE    777 INCLUDE     C:\Users\kimc0\GUIDE_GLOBAL_CGE\1.Static_CGE\Output_w-1\DATA_WEB-2019_240325.gms
**** LINE   1020 INPUT       C:\Users\kimc0\GUIDE_GLOBAL_CGE\1.Static_CGE\Output_w-1\Model_PEP-w-1_v4.0_GTAP11_240325.gms
**** 510  Unable to open gdx file for $GDXIN
1798  $load  WEB_KOR WEB_CHN WEB_JPN WEB_RUS WEB_MNG WEB_PRK WEB_NAM WEB_LAM WEB_WEU WEB_EEU WEB_FSU WEB_MEA WEB_AFR WEB_CPA WEB_SAS WEB_PAS WEB_PAO GHGsEF physical_unit
****      $502
**** LINE    778 INCLUDE     C:\Users\kimc0\GUIDE_GLOBAL_CGE\1.Static_CGE\Output_w-1\DATA_WEB-2019_240325.gms
**** LINE   1020 INPUT       C:\Users\kimc0\GUIDE_GLOBAL_CGE\1.Static_CGE\Output_w-1\Model_PEP-w-1_v4.0_GTAP11_240325.gms
**** 502  GDXIN  file not open - ignore rest of line
1799   
1800  set j
1801  /
****  $194
**** LINE    781 INCLUDE     C:\Users\kimc0\GUIDE_GLOBAL_CGE\1.Static_CGE\Output_w-1\DATA_WEB-2019_240325.gms
**** LINE   1020 INPUT       C:\Users\kimc0\GUIDE_GLOBAL_CGE\1.Static_CGE\Output_w-1\Model_PEP-w-1_v4.0_GTAP11_240325.gms
**** 194  Symbol redefined - a second data statement for the same symbol
****         or a data statement after an assignment
****         Hint: You could use $onMulti to merge the data from different
****               data statements or $onMultiR to replace existing data
****               with data from a later data statement
1802   01_AGRICULT    Agricultural forest and fishery goods
1803   02_COAL        Coal
1804   03_OIL         Crude petroleum
1805   04_GAS         Natural gas Gas distribution
1806   05_MINING      Mined and quarried goods
1807   06_FOODPRO     Food beverages and tobacco products
1808   07_TEXTILES    Textile and leather products
1809   08_WOODPRO     Wood products
1810   09_PAPERPRO    Paper products
1811   10_PETROLCOAL  Petroleum and coal products
1812   11_CHEMICAL    Chemical products
1813   12_NONMET      Non-metallic mineral products
1814   13_IRONSTL     Primary iron and steel products
1815   14_NONFERR     Non-ferrous metal products
1816   15_MACHINE     Fabricated metal products Electronic and electrical equipment Machinery and equipment
1817   16_TRANSEQ     Motor vehicles Other transport equipment
1818   17_OTHERIND    Other manufactured products Water supply
1819   18_TnD         Transmission and Distribution
1820   19_eNuclear    Nuclear generation
1821   20_eCoal       Coal generation
1822   21_eGas        Gas generation
1823   22_eOil        Oil generation
1824   23_eWind       Wind generation
1825   24_eSolar      Solar generation
1826   25_eHydro      Hydro generation
1827   26_eOther      Other generation
1828   27_CONSTRUC    Construction
1829   28_LTRP        Land transport service(road rail)
1830   29_WTRP        Water transport service
1831   30_ATRP        Air transport service
1832   31_SER         Service
1833  /
1834  ;
1835   
1836  set z
1837  /
****  $194
**** LINE    817 INCLUDE     C:\Users\kimc0\GUIDE_GLOBAL_CGE\1.Static_CGE\Output_w-1\DATA_WEB-2019_240325.gms
**** LINE   1020 INPUT       C:\Users\kimc0\GUIDE_GLOBAL_CGE\1.Static_CGE\Output_w-1\Model_PEP-w-1_v4.0_GTAP11_240325.gms
**** 194  Symbol redefined - a second data statement for the same symbol
****         or a data statement after an assignment
****         Hint: You could use $onMulti to merge the data from different
****               data statements or $onMultiR to replace existing data
****               with data from a later data statement
1838  01_KOR
1839  02_CHN
1840  03_JPN
1841  04_RUS
1842  05_MNG
1843  06_PRK
1844  07_NAM
1845  08_LAM
1846  09_WEU
1847  10_EEU
1848  11_FSU
1849  12_MEA
1850  13_AFR
1851  14_CPA
1852  15_SAS
1853  16_PAS
1854  17_PAO
1855  /
1856   
1857  ;
1858   
1859  Parameter WEB(flow,product,z);
1860   
1861  WEB(flow,product,'01_KOR') =  WEB_KOR(flow,product);
****                                      $141
**** LINE    841 INCLUDE     C:\Users\kimc0\GUIDE_GLOBAL_CGE\1.Static_CGE\Output_w-1\DATA_WEB-2019_240325.gms
**** LINE   1020 INPUT       C:\Users\kimc0\GUIDE_GLOBAL_CGE\1.Static_CGE\Output_w-1\Model_PEP-w-1_v4.0_GTAP11_240325.gms
**** 141  Symbol declared but no values have been assigned. Check for missing
****         data definition, assignment, data loading or implicit assignment
****         via a solve statement. Suppress with $onImplicitAssign.
****         A wild shot: You may have spurious commas in the explanatory
****         text of a declaration. Check symbol reference list.
1862  WEB(flow,product,'02_CHN') =  WEB_CHN(flow,product);
****                                      $141
**** LINE    842 INCLUDE     C:\Users\kimc0\GUIDE_GLOBAL_CGE\1.Static_CGE\Output_w-1\DATA_WEB-2019_240325.gms
**** LINE   1020 INPUT       C:\Users\kimc0\GUIDE_GLOBAL_CGE\1.Static_CGE\Output_w-1\Model_PEP-w-1_v4.0_GTAP11_240325.gms
**** 141  Symbol declared but no values have been assigned. Check for missing
****         data definition, assignment, data loading or implicit assignment
****         via a solve statement. Suppress with $onImplicitAssign.
****         A wild shot: You may have spurious commas in the explanatory
****         text of a declaration. Check symbol reference list.
1863  WEB(flow,product,'03_JPN') =  WEB_JPN(flow,product);
****                                      $141
**** LINE    843 INCLUDE     C:\Users\kimc0\GUIDE_GLOBAL_CGE\1.Static_CGE\Output_w-1\DATA_WEB-2019_240325.gms
**** LINE   1020 INPUT       C:\Users\kimc0\GUIDE_GLOBAL_CGE\1.Static_CGE\Output_w-1\Model_PEP-w-1_v4.0_GTAP11_240325.gms
**** 141  Symbol declared but no values have been assigned. Check for missing
****         data definition, assignment, data loading or implicit assignment
****         via a solve statement. Suppress with $onImplicitAssign.
****         A wild shot: You may have spurious commas in the explanatory
****         text of a declaration. Check symbol reference list.
1864  WEB(flow,product,'04_RUS') =  WEB_RUS(flow,product);
****                                      $141
**** LINE    844 INCLUDE     C:\Users\kimc0\GUIDE_GLOBAL_CGE\1.Static_CGE\Output_w-1\DATA_WEB-2019_240325.gms
**** LINE   1020 INPUT       C:\Users\kimc0\GUIDE_GLOBAL_CGE\1.Static_CGE\Output_w-1\Model_PEP-w-1_v4.0_GTAP11_240325.gms
**** 141  Symbol declared but no values have been assigned. Check for missing
****         data definition, assignment, data loading or implicit assignment
****         via a solve statement. Suppress with $onImplicitAssign.
****         A wild shot: You may have spurious commas in the explanatory
****         text of a declaration. Check symbol reference list.
1865  WEB(flow,product,'05_MNG') =  WEB_MNG(flow,product);
****                                      $141
**** LINE    845 INCLUDE     C:\Users\kimc0\GUIDE_GLOBAL_CGE\1.Static_CGE\Output_w-1\DATA_WEB-2019_240325.gms
**** LINE   1020 INPUT       C:\Users\kimc0\GUIDE_GLOBAL_CGE\1.Static_CGE\Output_w-1\Model_PEP-w-1_v4.0_GTAP11_240325.gms
**** 141  Symbol declared but no values have been assigned. Check for missing
****         data definition, assignment, data loading or implicit assignment
****         via a solve statement. Suppress with $onImplicitAssign.
****         A wild shot: You may have spurious commas in the explanatory
****         text of a declaration. Check symbol reference list.
1866  WEB(flow,product,'06_PRK') =  WEB_PRK(flow,product);
****                                      $141
**** LINE    846 INCLUDE     C:\Users\kimc0\GUIDE_GLOBAL_CGE\1.Static_CGE\Output_w-1\DATA_WEB-2019_240325.gms
**** LINE   1020 INPUT       C:\Users\kimc0\GUIDE_GLOBAL_CGE\1.Static_CGE\Output_w-1\Model_PEP-w-1_v4.0_GTAP11_240325.gms
**** 141  Symbol declared but no values have been assigned. Check for missing
****         data definition, assignment, data loading or implicit assignment
****         via a solve statement. Suppress with $onImplicitAssign.
****         A wild shot: You may have spurious commas in the explanatory
****         text of a declaration. Check symbol reference list.
1867  WEB(flow,product,'07_NAM') =  WEB_NAM(flow,product);
****                                      $141
**** LINE    847 INCLUDE     C:\Users\kimc0\GUIDE_GLOBAL_CGE\1.Static_CGE\Output_w-1\DATA_WEB-2019_240325.gms
**** LINE   1020 INPUT       C:\Users\kimc0\GUIDE_GLOBAL_CGE\1.Static_CGE\Output_w-1\Model_PEP-w-1_v4.0_GTAP11_240325.gms
**** 141  Symbol declared but no values have been assigned. Check for missing
****         data definition, assignment, data loading or implicit assignment
****         via a solve statement. Suppress with $onImplicitAssign.
****         A wild shot: You may have spurious commas in the explanatory
****         text of a declaration. Check symbol reference list.
1868  WEB(flow,product,'08_LAM') =  WEB_LAM(flow,product);
****                                      $141
**** LINE    848 INCLUDE     C:\Users\kimc0\GUIDE_GLOBAL_CGE\1.Static_CGE\Output_w-1\DATA_WEB-2019_240325.gms
**** LINE   1020 INPUT       C:\Users\kimc0\GUIDE_GLOBAL_CGE\1.Static_CGE\Output_w-1\Model_PEP-w-1_v4.0_GTAP11_240325.gms
**** 141  Symbol declared but no values have been assigned. Check for missing
****         data definition, assignment, data loading or implicit assignment
****         via a solve statement. Suppress with $onImplicitAssign.
****         A wild shot: You may have spurious commas in the explanatory
****         text of a declaration. Check symbol reference list.
1869  WEB(flow,product,'09_WEU') =  WEB_WEU(flow,product);
****                                      $141
**** LINE    849 INCLUDE     C:\Users\kimc0\GUIDE_GLOBAL_CGE\1.Static_CGE\Output_w-1\DATA_WEB-2019_240325.gms
**** LINE   1020 INPUT       C:\Users\kimc0\GUIDE_GLOBAL_CGE\1.Static_CGE\Output_w-1\Model_PEP-w-1_v4.0_GTAP11_240325.gms
**** 141  Symbol declared but no values have been assigned. Check for missing
****         data definition, assignment, data loading or implicit assignment
****         via a solve statement. Suppress with $onImplicitAssign.
****         A wild shot: You may have spurious commas in the explanatory
****         text of a declaration. Check symbol reference list.
1870  WEB(flow,product,'10_EEU') =  WEB_EEU(flow,product);
****                                      $141
**** LINE    850 INCLUDE     C:\Users\kimc0\GUIDE_GLOBAL_CGE\1.Static_CGE\Output_w-1\DATA_WEB-2019_240325.gms
**** LINE   1020 INPUT       C:\Users\kimc0\GUIDE_GLOBAL_CGE\1.Static_CGE\Output_w-1\Model_PEP-w-1_v4.0_GTAP11_240325.gms
**** 141  Symbol declared but no values have been assigned. Check for missing
****         data definition, assignment, data loading or implicit assignment
****         via a solve statement. Suppress with $onImplicitAssign.
****         A wild shot: You may have spurious commas in the explanatory
****         text of a declaration. Check symbol reference list.
1871  WEB(flow,product,'11_FSU') =  WEB_FSU(flow,product);
****                                      $141
**** LINE    851 INCLUDE     C:\Users\kimc0\GUIDE_GLOBAL_CGE\1.Static_CGE\Output_w-1\DATA_WEB-2019_240325.gms
**** LINE   1020 INPUT       C:\Users\kimc0\GUIDE_GLOBAL_CGE\1.Static_CGE\Output_w-1\Model_PEP-w-1_v4.0_GTAP11_240325.gms
**** 141  Symbol declared but no values have been assigned. Check for missing
****         data definition, assignment, data loading or implicit assignment
****         via a solve statement. Suppress with $onImplicitAssign.
****         A wild shot: You may have spurious commas in the explanatory
****         text of a declaration. Check symbol reference list.
1872  WEB(flow,product,'12_MEA') =  WEB_MEA(flow,product);
****                                      $141
**** LINE    852 INCLUDE     C:\Users\kimc0\GUIDE_GLOBAL_CGE\1.Static_CGE\Output_w-1\DATA_WEB-2019_240325.gms
**** LINE   1020 INPUT       C:\Users\kimc0\GUIDE_GLOBAL_CGE\1.Static_CGE\Output_w-1\Model_PEP-w-1_v4.0_GTAP11_240325.gms
**** 141  Symbol declared but no values have been assigned. Check for missing
****         data definition, assignment, data loading or implicit assignment
****         via a solve statement. Suppress with $onImplicitAssign.
****         A wild shot: You may have spurious commas in the explanatory
****         text of a declaration. Check symbol reference list.
1873  WEB(flow,product,'13_AFR') =  WEB_AFR(flow,product);
****                                      $141
**** LINE    853 INCLUDE     C:\Users\kimc0\GUIDE_GLOBAL_CGE\1.Static_CGE\Output_w-1\DATA_WEB-2019_240325.gms
**** LINE   1020 INPUT       C:\Users\kimc0\GUIDE_GLOBAL_CGE\1.Static_CGE\Output_w-1\Model_PEP-w-1_v4.0_GTAP11_240325.gms
**** 141  Symbol declared but no values have been assigned. Check for missing
****         data definition, assignment, data loading or implicit assignment
****         via a solve statement. Suppress with $onImplicitAssign.
****         A wild shot: You may have spurious commas in the explanatory
****         text of a declaration. Check symbol reference list.
1874  WEB(flow,product,'14_CPA') =  WEB_CPA(flow,product);
****                                      $141
**** LINE    854 INCLUDE     C:\Users\kimc0\GUIDE_GLOBAL_CGE\1.Static_CGE\Output_w-1\DATA_WEB-2019_240325.gms
**** LINE   1020 INPUT       C:\Users\kimc0\GUIDE_GLOBAL_CGE\1.Static_CGE\Output_w-1\Model_PEP-w-1_v4.0_GTAP11_240325.gms
**** 141  Symbol declared but no values have been assigned. Check for missing
****         data definition, assignment, data loading or implicit assignment
****         via a solve statement. Suppress with $onImplicitAssign.
****         A wild shot: You may have spurious commas in the explanatory
****         text of a declaration. Check symbol reference list.
1875  WEB(flow,product,'15_SAS') =  WEB_SAS(flow,product);
****                                      $141
**** LINE    855 INCLUDE     C:\Users\kimc0\GUIDE_GLOBAL_CGE\1.Static_CGE\Output_w-1\DATA_WEB-2019_240325.gms
**** LINE   1020 INPUT       C:\Users\kimc0\GUIDE_GLOBAL_CGE\1.Static_CGE\Output_w-1\Model_PEP-w-1_v4.0_GTAP11_240325.gms
**** 141  Symbol declared but no values have been assigned. Check for missing
****         data definition, assignment, data loading or implicit assignment
****         via a solve statement. Suppress with $onImplicitAssign.
****         A wild shot: You may have spurious commas in the explanatory
****         text of a declaration. Check symbol reference list.
1876  WEB(flow,product,'16_PAS') =  WEB_PAS(flow,product);
****                                      $141
**** LINE    856 INCLUDE     C:\Users\kimc0\GUIDE_GLOBAL_CGE\1.Static_CGE\Output_w-1\DATA_WEB-2019_240325.gms
**** LINE   1020 INPUT       C:\Users\kimc0\GUIDE_GLOBAL_CGE\1.Static_CGE\Output_w-1\Model_PEP-w-1_v4.0_GTAP11_240325.gms
**** 141  Symbol declared but no values have been assigned. Check for missing
****         data definition, assignment, data loading or implicit assignment
****         via a solve statement. Suppress with $onImplicitAssign.
****         A wild shot: You may have spurious commas in the explanatory
****         text of a declaration. Check symbol reference list.
1877  WEB(flow,product,'17_PAO') =  WEB_PAO(flow,product);
****                                      $141
**** LINE    857 INCLUDE     C:\Users\kimc0\GUIDE_GLOBAL_CGE\1.Static_CGE\Output_w-1\DATA_WEB-2019_240325.gms
**** LINE   1020 INPUT       C:\Users\kimc0\GUIDE_GLOBAL_CGE\1.Static_CGE\Output_w-1\Model_PEP-w-1_v4.0_GTAP11_240325.gms
**** 141  Symbol declared but no values have been assigned. Check for missing
****         data definition, assignment, data loading or implicit assignment
****         via a solve statement. Suppress with $onImplicitAssign.
****         A wild shot: You may have spurious commas in the explanatory
****         text of a declaration. Check symbol reference list.
1878   
1879  execute_unload 'Input_WEB/WEB_2019_230425.gdx',
1880  *Sets
1881  WEB ;
1882  *$exit
1883   
1884  Parameter
1885   TCoke_Share(f_cokeoven,product,z)
1886   TBlast_Share(f_balstfur,product,z)
1887  ;
1888   
1889  Parameter
1890   Coal_DIO(p_coal,j,z)            Intermediate consumption of coal products by industry j in region z
1891   Coal_CO(p_coal,z)               Household consumption of coal products in region z
1892   CoalR_DIO(p_coal,j,z)           Intermediate consumption ratio of coal products by industry j in region z
1893   CoalR_CO(p_coal,z)              Household consumption ratio of coal products in region z
1894   
1895   Gas_DIO(p_gas,j,z)              Intermediate consumption of gas products by industry j in region z
1896   Gas_CO(p_gas,z)                 Household consumption of gas products in region z
1897   GasR_DIO(p_gas,j,z)             Intermediate consumption ratio of gas products by industry j in region z
1898   GasR_CO(p_gas,z)                Household consumption ratio of gas products in region z
1899   
1900   Oil_DIO(p_oil,j,z)              Intermediate consumption of crudeoil by industry j in region z
1901   Oil_CO(p_oil,z)                 Household consumption of crudeoil in region z
1902   OilR_DIO(p_oil,j,z)             Intermediate consumption ratio of crudeoil by industry j in region z
1903   
1904   Oilp_DIO(p_oilproduct,j,z)      Intermediate consumption of petrolcoal by industry j in region z
1905   Oilp_CO(p_oilproduct,z)         Household consumption of petrolcoal products in region z
1906   OilpR_DIO(p_oilproduct,j,z)     Intermediate consumption ratio of petrolcoal products by industry j in region z
1907   OilpR_CO(p_oilproduct,z)        Household consumption ratio of petrolcoal products in region z
1908   
1909   Elec_DIO(p_elecheat,j,z)        Intermediate consumption of electricity by industry j in region z
1910   Elec_CO(p_elecheat,z)           Household consumption of electricity in region z
1911   ElecR_DIO(p_elecheat,j,z)       Intermediate consumption ratio of electricity by industry j in region z
1912   ElecR_CO(p_elecheat,z)          Household consumption ratio of electricity in region z
1913   
1914   NCoal_DIO(p_coal,j,z)           Intermediate consumption of non energy coal products by industry j in region z
1915   NCoalR_DIO(p_coal,j,z)          Intermediate consumption ratio of non energy coal products by industry j in region z
1916   
1917   NGas_DIO(p_gas,j,z)             Intermediate consumption of non energy gas products by industry j in region z
1918   NGasR_DIO(p_gas,j,z)            Intermediate consumption ratio of non energy gas products by industry j in region z
1919   
1920   NOil_DIO(p_oil,j,z)             Intermediate consumption of non energy oil by industry j in region z
1921   NOilR_DIO(p_oil,j,z)            Intermediate consumption ratio of non-energy oil by industry j in region z
1922   
1923   NOilp_DIO(p_oilproduct,j,z)     Intermediate consumption of non energy oilproducts by industry j in region z
1924   NOilpR_DIO(p_oilproduct,j,z)    Intermediate consumption ratio of non energy oilproducts by industry j in region z
1925   
1926   Coal_Total(p_coal,z)
1927   Gas_Total(p_gas,z)
1928   Oilp_Total(p_oilproduct,z)
1929   ELec_Total(p_elecheat,z)
1930   NCoal_Total(p_coal,z)
1931   NGas_Total(p_gas,z)
1932   NOilp_Total(p_oilproduct,z)
1933   
1934   
1935   ElecNucGWh(j,z)     Nuclear Output GWh
1936   ElecCoalGWh(j,z)    Coal Output GWh
1937   ElecGasGWh(j,z)     Gas Output GWh
1938   ElecOilGWh(j,z)     Oil Output GWh
1939   ElecSolarGWh(j,z)   Solar Output GWh
1940   ElecWindGWh(j,z)    Wind Output GWh
1941   ElecHydroGWh(j,z)   Hydro Output GWh
1942   ElecOtherGWh(j,z)   Other Output GWh
1943   
1944  ;
1945  *
1946   
1947  *f_balstfur(flow)
1948  *f_cokeoven(flow)
1949  * WEB(f_balstfur, 'p4_COKCOAL', z) = WEB(f_cokeoven, 'p66_TOTAL', z) ;
1950  * WEB(f_cokeoven, 'p4_COKCOAL', z) = WEB(f_cokeoven, 'p66_TOTAL', z) ;
1951   
1952   TCoke_Share(f_cokeoven,p_coal,z)$(WEB(f_cokeoven, p_coal, z) lt 0)  = WEB(f_cokeoven, p_coal, z)$(WEB(f_cokeoven, p_coal, z) lt 0)/sum(p_coal2, WEB(f_cokeoven, p_coal2, z)$(WEB(f_cokeoven, p_coal2, z) lt 0)) ;
1953   TBlast_Share(f_balstfur,p_coal,z)$(WEB(f_balstfur, p_coal, z) lt 0) = WEB(f_balstfur, p_coal, z)$(WEB(f_balstfur, p_coal, z) lt 0)/sum(p_coal2, WEB(f_balstfur, p_coal2, z)$(WEB(f_balstfur, p_coal2, z) lt 0)) ;
1954   
1955  display TCoke_Share, TBlast_Share ;
1956   
1957  *Coal
1958   Coal_DIO(p_coal,'01_AGRICULT',z) = sum((f_agri), WEB(f_agri, p_coal, z));
1959   Coal_DIO(p_coal,'02_COAL',z) = -1*sum((f_coa), WEB(f_coa, p_coal, z));
1960   Coal_DIO(p_coal,'03_OIL',z) = -1*sum((f_oil), WEB(f_oil, p_coal, z));
1961   Coal_DIO(p_coal,'04_GAS',z) = -1*sum((f_gas), WEB(f_gas, p_coal, z));
1962   Coal_DIO(p_coal,'05_MINING',z) = sum((f_mining), WEB(f_mining, p_coal, z));
1963   Coal_DIO(p_coal,'06_FOODPRO',z) = sum((f_foodpro), WEB(f_foodpro, p_coal, z));
1964   Coal_DIO(p_coal,'07_TEXTILES',z) = sum((f_textiles), WEB(f_textiles, p_coal, z));
1965   Coal_DIO(p_coal,'08_WOODPRO',z) = sum((f_woodpro), WEB(f_woodpro, p_coal, z));
1966   Coal_DIO(p_coal,'09_PAPERPRO',z) = sum((f_paperpro), WEB(f_paperpro, p_coal, z));
1967   Coal_DIO(p_coal,'10_PETROLCOAL',z) = -1*sum((f_petrolcoal), WEB(f_petrolcoal, p_coal, z));
1968   Coal_DIO(p_coal,'11_CHEMICAL',z) = sum((f_chemical), WEB(f_chemical, p_coal, z));
1969   Coal_DIO(p_coal,'12_NONMET',z) = sum((f_nonmet), WEB(f_nonmet, p_coal, z));
1970   Coal_DIO(p_coal,'13_IRONSTL',z) = sum((f_ironstl), WEB(f_ironstl, p_coal, z))
1971   + sum(f_cokeoven, -1*TCoke_Share(f_cokeoven,p_coal,z)*WEB(f_cokeoven, 'p66_TOTAL', z))
1972   + sum(f_balstfur, -1*TBlast_Share(f_balstfur,p_coal,z)*WEB(f_balstfur, 'p66_TOTAL', z))
1973   + sum((f_Eblastcoke), -1*WEB(f_Eblastcoke, p_coal, z))
1974  ;
1975   
1976   Coal_DIO(p_coal,'14_NONFERR',z) = sum((f_nonferr), WEB(f_nonferr, p_coal, z));
1977   Coal_DIO(p_coal,'15_MACHINE',z) = sum((f_machine), WEB(f_machine, p_coal, z));
1978   Coal_DIO(p_coal,'16_TRANSEQ',z) = sum((f_transeq), WEB(f_transeq, p_coal, z));
1979   Coal_DIO(p_coal,'17_OTHERIND',z) = sum((f_otherind), WEB(f_otherind, p_coal, z));
1980   Coal_DIO(p_coal,'18_TnD',z) = 0 ;
1981   Coal_DIO(p_coal,'19_eNuclear',z) = 0 ;
1982   Coal_DIO(p_coal,'20_eCoal',z) = -1*sum((f_elec), WEB(f_elec, p_coal, z));
1983   Coal_DIO(p_coal,'21_eGas',z) = 0 ;
1984   Coal_DIO(p_coal,'22_eOil',z) = 0 ;
1985   Coal_DIO(p_coal,'23_eWind',z) = 0 ;
1986   Coal_DIO(p_coal,'24_eSolar',z) = 0 ;
1987   Coal_DIO(p_coal,'25_eHydro',z) = 0 ;
1988   Coal_DIO(p_coal,'26_eOther',z) = 0 ;
1989   Coal_DIO(p_coal,'27_CONSTRUC',z) = sum((f_construc), WEB(f_construc, p_coal, z));
1990   Coal_DIO(p_coal,'28_LTRP',z) = sum((f_roadrail), WEB(f_roadrail, p_coal, z));
1991   Coal_DIO(p_coal,'29_WTRP',z) = sum((f_domewater), WEB(f_domewater, p_coal, z));
1992   Coal_DIO(p_coal,'30_ATRP',z) = sum((f_domeair), WEB(f_domeair, p_coal, z));
1993   Coal_DIO(p_coal,'31_SER',z) = sum((f_ser), WEB(f_ser, p_coal, z));
1994   Coal_CO(p_coal,z) = sum((f_household), WEB(f_household, p_coal, z));
1995   
1996  *Ratio
1997  Loop(j,
1998      CoalR_DIO(p_coal,j,z)$(Coal_DIO(p_coal,j,z) gt 0)
1999           = Coal_DIO(p_coal,j,z)/sum(p_coal2, Coal_DIO(p_coal2,j,z));
2000       );
2001   
2002   CoalR_CO(p_coal,z)$(Coal_CO(p_coal,z) gt 0)  = Coal_CO(p_coal,z)/ sum(p_coal2, Coal_CO(p_coal2,z));
2003   
2004  display Coal_DIO, CoalR_DIO, CoalR_CO ;
2005   
2006  *Gas
2007   Gas_DIO(p_gas,'01_AGRICULT',z) = sum((f_agri), WEB(f_agri, p_gas, z));
2008   Gas_DIO(p_gas,'02_COAL',z) = -1*sum((f_coa), WEB(f_coa, p_gas, z));
2009   Gas_DIO(p_gas,'03_OIL',z) = -1*sum((f_oil), WEB(f_oil, p_gas, z));
2010   Gas_DIO(p_gas,'04_GAS',z) = -1*sum((f_gas), WEB(f_gas, p_gas, z));
2011   Gas_DIO(p_gas,'05_MINING',z) = sum((f_mining), WEB(f_mining, p_gas, z));
2012   Gas_DIO(p_gas,'06_FOODPRO',z) = sum((f_foodpro), WEB(f_foodpro, p_gas, z));
2013   Gas_DIO(p_gas,'07_TEXTILES',z) = sum((f_textiles), WEB(f_textiles, p_gas, z));
2014   Gas_DIO(p_gas,'08_WOODPRO',z) = sum((f_woodpro), WEB(f_woodpro, p_gas, z));
2015   Gas_DIO(p_gas,'09_PAPERPRO',z) = sum((f_paperpro), WEB(f_paperpro, p_gas, z));
2016   Gas_DIO(p_gas,'10_PETROLCOAL',z) = -1*sum((f_petrolcoal), WEB(f_petrolcoal, p_gas, z));
2017   Gas_DIO(p_gas,'11_CHEMICAL',z) = sum((f_chemical), WEB(f_chemical, p_gas, z));
2018   Gas_DIO(p_gas,'12_NONMET',z) = sum((f_nonmet), WEB(f_nonmet, p_gas, z));
2019   Gas_DIO(p_gas,'13_IRONSTL',z) = sum((f_ironstl), WEB(f_ironstl, p_gas, z));
2020   Gas_DIO(p_gas,'14_NONFERR',z) = sum((f_nonferr), WEB(f_nonferr, p_gas, z));
2021   Gas_DIO(p_gas,'15_MACHINE',z) = sum((f_machine), WEB(f_machine, p_gas, z));
2022   Gas_DIO(p_gas,'16_TRANSEQ',z) = sum((f_transeq), WEB(f_transeq, p_gas, z));
2023   Gas_DIO(p_gas,'17_OTHERIND',z) = sum((f_otherind), WEB(f_otherind, p_gas, z));
2024   Gas_DIO(p_gas,'18_TnD',z) = 0 ;
2025   Gas_DIO(p_gas,'19_eNuclear',z) = 0 ;
2026   Gas_DIO(p_gas,'20_eCoal',z) = 0;
2027   Gas_DIO(p_gas,'19_eNuclear',z) = 0 ;
2028   Gas_DIO(p_gas,'21_eGas',z) = -1*sum((f_elec), WEB(f_elec, p_gas, z)) ;
2029   Gas_DIO(p_gas,'22_eOil',z) = 0 ;
2030   Gas_DIO(p_gas,'23_eWind',z) = 0 ;
2031   Gas_DIO(p_gas,'24_eSolar',z) = 0 ;
2032   Gas_DIO(p_gas,'25_eHydro',z) = 0 ;
2033   Gas_DIO(p_gas,'26_eOther',z) = 0 ;
2034   Gas_DIO(p_gas,'27_CONSTRUC',z) = sum((f_construc), WEB(f_construc, p_gas, z));
2035   Gas_DIO(p_gas,'28_LTRP',z) = sum((f_roadrail), WEB(f_roadrail, p_gas, z));
2036   Gas_DIO(p_gas,'29_WTRP',z) = sum((f_domewater), WEB(f_domewater, p_gas, z));
2037   Gas_DIO(p_gas,'30_ATRP',z) = sum((f_domeair), WEB(f_domeair, p_gas, z));
2038   Gas_DIO(p_gas,'31_SER',z) = sum((f_ser), WEB(f_ser, p_gas, z));
2039   Gas_CO(p_gas,z) = sum((f_household), WEB(f_household, p_gas, z));
2040   
2041  *Ratio
2042  Loop(j,
2043      GasR_DIO(p_gas,j,z)$(Gas_DIO(p_gas,j,z) gt 0)
2044           = Gas_DIO(p_gas,j,z)/sum(p_gas2, Gas_DIO(p_gas2,j,z));
2045       );
2046   
2047   GasR_CO(p_gas,z)$(Gas_CO(p_gas,z) gt 0)  = Gas_CO(p_gas,z)/ sum(p_gas2, Gas_CO(p_gas2,z));
2048   
2049   
2050  display Gas_DIO, GasR_DIO, GasR_CO ;
2051   
2052  *Oil
2053   Oil_DIO(p_oil,'01_AGRICULT',z) = sum((f_agri), WEB(f_agri, p_oil, z));
2054   Oil_DIO(p_oil,'02_COAL',z) = -1*sum((f_coa), WEB(f_coa, p_oil, z));
2055   Oil_DIO(p_oil,'03_OIL',z) = -1*sum((f_oil), WEB(f_oil, p_oil, z));
2056   Oil_DIO(p_oil,'04_GAS',z) = -1*sum((f_gas), WEB(f_gas, p_oil, z));
2057   Oil_DIO(p_oil,'05_MINING',z) = sum((f_mining), WEB(f_mining, p_oil, z));
2058   Oil_DIO(p_oil,'06_FOODPRO',z) = sum((f_foodpro), WEB(f_foodpro, p_oil, z));
2059   Oil_DIO(p_oil,'07_TEXTILES',z) = sum((f_textiles), WEB(f_textiles, p_oil, z));
2060   Oil_DIO(p_oil,'08_WOODPRO',z) = sum((f_woodpro), WEB(f_woodpro, p_oil, z));
2061   Oil_DIO(p_oil,'09_PAPERPRO',z) = sum((f_paperpro), WEB(f_paperpro, p_oil, z));
2062   Oil_DIO(p_oil,'10_PETROLCOAL',z) = -1*sum((f_petrolcoal), WEB(f_petrolcoal, p_oil, z));
2063   Oil_DIO(p_oil,'11_CHEMICAL',z) = sum((f_chemical), WEB(f_chemical, p_oil, z));
2064   Oil_DIO(p_oil,'12_NONMET',z) = sum((f_nonmet), WEB(f_nonmet, p_oil, z));
2065   Oil_DIO(p_oil,'13_IRONSTL',z) = sum((f_ironstl), WEB(f_ironstl, p_oil, z));
2066   Oil_DIO(p_oil,'14_NONFERR',z) = sum((f_nonferr), WEB(f_nonferr, p_oil, z));
2067   Oil_DIO(p_oil,'15_MACHINE',z) = sum((f_machine), WEB(f_machine, p_oil, z));
2068   Oil_DIO(p_oil,'16_TRANSEQ',z) = sum((f_transeq), WEB(f_transeq, p_oil, z));
2069   Oil_DIO(p_oil,'17_OTHERIND',z) = sum((f_otherind), WEB(f_otherind, p_oil, z));
2070   Oil_DIO(p_oil,'18_TnD',z) = 0 ;
2071   Oil_DIO(p_oil,'19_eNuclear',z) = 0 ;
2072   Oil_DIO(p_oil,'20_eCoal',z) = 0 ;
2073   Oil_DIO(p_oil,'19_eNuclear',z) = 0 ;
2074   Oil_DIO(p_oil,'21_eGas',z) = 0 ;
2075   Oil_DIO(p_oil,'22_eOil',z) = 0 ;
2076   Oil_DIO(p_oil,'23_eWind',z) = 0 ;
2077   Oil_DIO(p_oil,'24_eSolar',z) = 0 ;
2078   Oil_DIO(p_oil,'25_eHydro',z) = 0 ;
2079   Oil_DIO(p_oil,'26_eOther',z) = 0 ;
2080   Oil_DIO(p_oil,'27_CONSTRUC',z) = sum((f_construc), WEB(f_construc, p_oil, z));
2081   Oil_DIO(p_oil,'28_LTRP',z) = sum((f_roadrail), WEB(f_roadrail, p_oil, z));
2082   Oil_DIO(p_oil,'29_WTRP',z) = sum((f_domewater), WEB(f_domewater, p_oil, z));
2083   Oil_DIO(p_oil,'30_ATRP',z) = sum((f_domeair), WEB(f_domeair, p_oil, z));
2084   Oil_DIO(p_oil,'31_SER',z) = sum((f_ser), WEB(f_ser, p_oil, z));
2085   Oil_CO(p_oil,z) = sum((f_household), WEB(f_household, p_oil, z));
2086   
2087  *Ratio
2088  Loop(j,
2089      OilR_DIO(p_oil,j,z)$(Oil_DIO(p_oil,j,z) gt 0)
2090           = Oil_DIO(p_oil,j,z)/sum(p_oil2, Oil_DIO(p_oil2,j,z));
2091       );
2092   
2093  display Oil_DIO, OilR_DIO ;
2094   
2095  *Oilproducts
2096   Oilp_DIO(p_oilproduct,'01_AGRICULT',z) = sum((f_agri), WEB(f_agri, p_oilproduct, z));
2097   Oilp_DIO(p_oilproduct,'02_COAL',z) = -1*sum((f_coa), WEB(f_coa, p_oilproduct, z));
2098   Oilp_DIO(p_oilproduct,'03_OIL',z) = -1*sum((f_oil), WEB(f_oil, p_oilproduct, z));
2099   Oilp_DIO(p_oilproduct,'04_GAS',z) = -1*sum((f_gas), WEB(f_gas, p_oilproduct, z));
2100   Oilp_DIO(p_oilproduct,'05_MINING',z) = sum((f_mining), WEB(f_mining, p_oilproduct, z));
2101   Oilp_DIO(p_oilproduct,'06_FOODPRO',z) = sum((f_foodpro), WEB(f_foodpro, p_oilproduct, z));
2102   Oilp_DIO(p_oilproduct,'07_TEXTILES',z) = sum((f_textiles), WEB(f_textiles, p_oilproduct, z));
2103   Oilp_DIO(p_oilproduct,'08_WOODPRO',z) = sum((f_woodpro), WEB(f_woodpro, p_oilproduct, z));
2104   Oilp_DIO(p_oilproduct,'09_PAPERPRO',z) = sum((f_paperpro), WEB(f_paperpro, p_oilproduct, z));
2105   Oilp_DIO(p_oilproduct,'10_PETROLCOAL',z) = -1*sum((f_petrolcoal), WEB(f_petrolcoal, p_oilproduct, z));
2106   
2107   Oilp_DIO(p_oilproduct,'11_CHEMICAL',z) = sum((f_chemical), WEB(f_chemical, p_oilproduct, z))
2108  * + sum(f_tpetrochem, -1*WEB(f_tpetrochem, p_oilproduct, z)$(WEB(f_tpetrochem, p_oilproduct, z) lt 0))
2109   ;
2110   
2111   Oilp_DIO(p_oilproduct,'12_NONMET',z) = sum((f_nonmet), WEB(f_nonmet, p_oilproduct, z));
2112   Oilp_DIO(p_oilproduct,'13_IRONSTL',z) = sum((f_ironstl), WEB(f_ironstl, p_oilproduct, z));
2113   Oilp_DIO(p_oilproduct,'14_NONFERR',z) = sum((f_nonferr), WEB(f_nonferr, p_oilproduct, z));
2114   Oilp_DIO(p_oilproduct,'15_MACHINE',z) = sum((f_machine), WEB(f_machine, p_oilproduct, z));
2115   Oilp_DIO(p_oilproduct,'16_TRANSEQ',z) = sum((f_transeq), WEB(f_transeq, p_oilproduct, z));
2116   Oilp_DIO(p_oilproduct,'17_OTHERIND',z) = sum((f_otherind), WEB(f_otherind, p_oilproduct, z));
2117   Oilp_DIO(p_oilproduct,'18_TnD',z) = 0 ;
2118   Oilp_DIO(p_oilproduct,'19_eNuclear',z) = 0 ;
2119   Oilp_DIO(p_oilproduct,'20_eCoal',z) = 0 ;
2120   Oilp_DIO(p_oilproduct,'19_eNuclear',z) = 0 ;
2121   Oilp_DIO(p_oilproduct,'21_eGas',z) = 0 ;
2122   Oilp_DIO(p_oilproduct,'22_eOil',z) = -1*sum((f_elec), WEB(f_elec, p_oilproduct, z)) ;
2123   Oilp_DIO(p_oilproduct,'23_eWind',z) = 0 ;
2124   Oilp_DIO(p_oilproduct,'24_eSolar',z) = 0 ;
2125   Oilp_DIO(p_oilproduct,'25_eHydro',z) = 0 ;
2126   Oilp_DIO(p_oilproduct,'26_eOther',z) = 0 ;
2127   Oilp_DIO(p_oilproduct,'27_CONSTRUC',z) = sum((f_construc), WEB(f_construc, p_oilproduct, z));
2128   Oilp_DIO(p_oilproduct,'28_LTRP',z) = sum((f_roadrail), WEB(f_roadrail, p_oilproduct, z));
2129   Oilp_DIO(p_oilproduct,'29_WTRP',z) = sum((f_domewater), WEB(f_domewater, p_oilproduct, z));
2130   Oilp_DIO(p_oilproduct,'30_ATRP',z) = sum((f_domeair), WEB(f_domeair, p_oilproduct, z));
2131   Oilp_DIO(p_oilproduct,'31_SER',z) = sum((f_ser), WEB(f_ser, p_oilproduct, z));
2132   Oilp_CO(p_oilproduct,z) = sum((f_household), WEB(f_household, p_oilproduct, z));
2133   
2134  *Ratio
2135  Loop(j,
2136      OilpR_DIO(p_oilproduct,j,z)$(Oilp_DIO(p_oilproduct,j,z) gt 0)
2137           = Oilp_DIO(p_oilproduct,j,z)/sum(p_oilproduct2, Oilp_DIO(p_oilproduct2,j,z));
2138       );
2139   
2140   OilpR_CO(p_oilproduct,z)$(Oilp_CO(p_oilproduct,z) gt 0)  = Oilp_CO(p_oilproduct,z)/ sum(p_oilproduct2, Oilp_CO(p_oilproduct2,z));
2141   
2142   
2143  display Oilp_DIO, Oilp_CO, OilpR_DIO, OilpR_CO ;
2144   
2145  *Electricity/Heat
2146   Elec_DIO(p_elecheat,'01_AGRICULT',z) = sum((f_agri), WEB(f_agri, p_elecheat, z));
2147   Elec_DIO(p_elecheat,'02_COAL',z) = -1*sum((f_coa), WEB(f_coa, p_elecheat, z));
2148   Elec_DIO(p_elecheat,'03_OIL',z) = -1*sum((f_oil), WEB(f_oil, p_elecheat, z));
2149   Elec_DIO(p_elecheat,'04_GAS',z) = -1*sum((f_gas), WEB(f_gas, p_elecheat, z));
2150   Elec_DIO(p_elecheat,'05_MINING',z) = sum((f_mining), WEB(f_mining, p_elecheat, z));
2151   Elec_DIO(p_elecheat,'06_FOODPRO',z) = sum((f_foodpro), WEB(f_foodpro, p_elecheat, z));
2152   Elec_DIO(p_elecheat,'07_TEXTILES',z) = sum((f_textiles), WEB(f_textiles, p_elecheat, z));
2153   Elec_DIO(p_elecheat,'08_WOODPRO',z) = sum((f_woodpro), WEB(f_woodpro, p_elecheat, z));
2154   Elec_DIO(p_elecheat,'09_PAPERPRO',z) = sum((f_paperpro), WEB(f_paperpro, p_elecheat, z));
2155   Elec_DIO(p_elecheat,'10_PETROLCOAL',z) = -1*sum((f_petrolcoal), WEB(f_petrolcoal, p_elecheat, z));
2156   Elec_DIO(p_elecheat,'11_CHEMICAL',z) = sum((f_chemical), WEB(f_chemical, p_elecheat, z));
2157   Elec_DIO(p_elecheat,'12_NONMET',z) = sum((f_nonmet), WEB(f_nonmet, p_elecheat, z));
2158   Elec_DIO(p_elecheat,'13_IRONSTL',z) = sum((f_ironstl), WEB(f_ironstl, p_elecheat, z));
2159   Elec_DIO(p_elecheat,'14_NONFERR',z) = sum((f_nonferr), WEB(f_nonferr, p_elecheat, z));
2160   Elec_DIO(p_elecheat,'15_MACHINE',z) = sum((f_machine), WEB(f_machine, p_elecheat, z));
2161   Elec_DIO(p_elecheat,'16_TRANSEQ',z) = sum((f_transeq), WEB(f_transeq, p_elecheat, z));
2162   Elec_DIO(p_elecheat,'17_OTHERIND',z) = sum((f_otherind), WEB(f_otherind, p_elecheat, z));
2163   Elec_DIO(p_elecheat,'18_TnD',z) = 0 ;
2164   Elec_DIO(p_elecheat,'19_eNuclear',z) = 0 ;
2165   Elec_DIO(p_elecheat,'20_eCoal',z) = 0;
2166   Elec_DIO(p_elecheat,'19_eNuclear',z) = 0 ;
2167   Elec_DIO(p_elecheat,'21_eGas',z) = 0 ;
2168   Elec_DIO(p_elecheat,'22_eOil',z) = 0 ;
2169   Elec_DIO(p_elecheat,'23_eWind',z) = 0 ;
2170   Elec_DIO(p_elecheat,'24_eSolar',z) = 0 ;
2171   Elec_DIO(p_elecheat,'25_eHydro',z) = 0 ;
2172   Elec_DIO(p_elecheat,'26_eOther',z) = 0 ;
2173   Elec_DIO(p_elecheat,'27_CONSTRUC',z) = sum((f_construc), WEB(f_construc, p_elecheat, z));
2174   Elec_DIO(p_elecheat,'28_LTRP',z) = sum((f_roadrail), WEB(f_roadrail, p_elecheat, z));
2175   Elec_DIO(p_elecheat,'29_WTRP',z) = sum((f_domewater), WEB(f_domewater, p_elecheat, z));
2176   Elec_DIO(p_elecheat,'30_ATRP',z) = sum((f_domeair), WEB(f_domeair, p_elecheat, z));
2177   Elec_DIO(p_elecheat,'31_SER',z) = sum((f_ser), WEB(f_ser, p_elecheat, z));
2178   Elec_CO(p_elecheat,z) = sum((f_household), WEB(f_household, p_elecheat, z));
2179   
2180  *Ratio
2181  Loop(j,
2182      ElecR_DIO(p_elecheat,j,z)$(Elec_DIO(p_elecheat,j,z) gt 0)
2183           = Elec_DIO(p_elecheat,j,z)/sum(p_elecheat2, Elec_DIO(p_elecheat2,j,z));
2184       );
2185   
2186   ElecR_CO(p_elecheat,z)$(Elec_CO(p_elecheat,z) gt 0)  = Elec_CO(p_elecheat,z)/ sum(p_elecheat2, Elec_CO(p_elecheat2,z));
2187   
2188  display Elec_DIO, Elec_CO, ElecR_DIO, ElecR_CO ;
2189   
2190  *Coal non-energy
2191   NCoal_DIO(p_coal,'05_MINING',z) = sum(f_nemining, WEB(f_nemining, p_coal, z));
2192   NCoal_DIO(p_coal,'06_FOODPRO',z) = sum(f_nefoodpro, WEB(f_nefoodpro, p_coal, z));
2193   NCoal_DIO(p_coal,'07_TEXTILES',z) = sum(f_netextiles, WEB(f_netextiles, p_coal, z));
2194   NCoal_DIO(p_coal,'08_WOODPRO',z) = sum(f_newoodpro, WEB(f_newoodpro, p_coal, z));
2195   NCoal_DIO(p_coal,'09_PAPERPRO',z) = sum(f_nepaperpro, WEB(f_nepaperpro, p_coal, z));
2196   NCoal_DIO(p_coal,'11_CHEMICAL',z) = sum(f_nechemical, WEB(f_nechemical, p_coal, z));
2197   NCoal_DIO(p_coal,'12_NONMET',z) = sum(f_nenonmet, WEB(f_nenonmet, p_coal, z));
2198   NCoal_DIO(p_coal,'13_IRONSTL',z) = sum(f_neironstl, WEB(f_neironstl, p_coal, z));
2199   NCoal_DIO(p_coal,'14_NONFERR',z) = sum(f_nenonferr, WEB(f_nenonferr, p_coal, z));
2200   NCoal_DIO(p_coal,'15_MACHINE',z) = sum(f_nemachine, WEB(f_nemachine, p_coal, z));
2201   NCoal_DIO(p_coal,'16_TRANSEQ',z) = sum(f_netranseq, WEB(f_netranseq, p_coal, z));
2202   NCoal_DIO(p_coal,'17_OTHERIND',z) = sum(f_neotherind, WEB(f_neotherind, p_coal, z));
2203   NCoal_DIO(p_coal,'27_CONSTRUC',z) = sum(f_neconstruc, WEB(f_neconstruc, p_coal, z));
2204   NCoal_DIO(p_coal,'28_LTRP',z) = sum(f_netransport, WEB(f_netransport, p_coal, z));
2205  * NEC_DIO(p_coal,'29_WTRP',z) = sum((f_domewater), domewater_fne_coal(f_domewater, p_coal, z));
2206  * NEC_DIO(p_coal,'30_ATRP',z) = sum((f_domeair), domeair_fne_coal(f_domeair, p_coal, z));
2207   NCoal_DIO(p_coal,'31_SER',z) = sum(f_neother, WEB(f_neother, p_coal, z));
2208  * NEC_CO(p_coal,z) = sum((f_household), household_fne_coal(f_household, p_coal, z));
2209   
2210  *Ratio
2211  Loop(j,
2212      NCoalR_DIO(p_coal,j,z)$(NCoal_DIO(p_coal,j,z) gt 0)
2213           = NCoal_DIO(p_coal,j,z)/sum(p_coal2, NCoal_DIO(p_coal2,j,z));
2214       );
2215   
2216  display NCoal_DIO, NCoalR_DIO ;
2217   
2218  *Gas non-energy
2219   NGas_DIO(p_gas,'05_MINING',z) = sum(f_nemining, WEB(f_nemining, p_gas, z));
2220   NGas_DIO(p_gas,'06_FOODPRO',z) = sum(f_nefoodpro, WEB(f_nefoodpro, p_gas, z));
2221   NGas_DIO(p_gas,'07_TEXTILES',z) = sum(f_netextiles, WEB(f_netextiles, p_gas, z));
2222   NGas_DIO(p_gas,'08_WOODPRO',z) = sum(f_newoodpro, WEB(f_newoodpro, p_gas, z));
2223   NGas_DIO(p_gas,'09_PAPERPRO',z) = sum(f_nepaperpro, WEB(f_nepaperpro, p_gas, z));
2224   NGas_DIO(p_gas,'11_CHEMICAL',z) = sum(f_nechemical, WEB(f_nechemical, p_gas, z));
2225   NGas_DIO(p_gas,'12_NONMET',z) = sum(f_nenonmet, WEB(f_nenonmet, p_gas, z));
2226   NGas_DIO(p_gas,'13_IRONSTL',z) = sum(f_neironstl, WEB(f_neironstl, p_gas, z));
2227   NGas_DIO(p_gas,'14_NONFERR',z) = sum(f_nenonferr, WEB(f_nenonferr, p_gas, z));
2228   NGas_DIO(p_gas,'15_MACHINE',z) = sum(f_nemachine, WEB(f_nemachine, p_gas, z));
2229   NGas_DIO(p_gas,'16_TRANSEQ',z) = sum(f_netranseq, WEB(f_netranseq, p_gas, z));
2230   NGas_DIO(p_gas,'17_OTHERIND',z) = sum(f_neotherind, WEB(f_neotherind, p_gas, z));
2231   NGas_DIO(p_gas,'27_CONSTRUC',z) = sum(f_neconstruc, WEB(f_neconstruc, p_gas, z));
2232   NGas_DIO(p_gas,'28_LTRP',z) = sum(f_netransport, WEB(f_netransport, p_gas, z));
2233  * NEG_DIO(p_gas,'29_WTRP',z) = sum((f_domewater), domewater_fne_gas(f_domewater, p_gas, z));
2234  * NEG_DIO(p_gas,'30_ATRP',z) = sum((f_domeair), domeair_fne_gas(f_domeair, p_gas, z));
2235   NGas_DIO(p_gas,'31_SER',z) = sum(f_neother, WEB(f_neother, p_gas, z));
2236  * NEG_CO(p_gas,z) = sum((f_household), household_fne_gas(f_household, p_gas, z));
2237   
2238  *Ratio
2239  Loop(j,
2240      NGasR_DIO(p_gas,j,z)$(NGas_DIO(p_gas,j,z) gt 0)
2241           = NGas_DIO(p_gas,j,z)/sum(p_gas2, NGas_DIO(p_gas2,j,z));
2242       );
2243   
2244  display NGas_DIO, NGasR_DIO ;
2245   
2246  *Oil non-energy
2247   NOil_DIO(p_oil,'05_MINING',z) = sum(f_nemining, WEB(f_nemining, p_oil, z));
2248   NOil_DIO(p_oil,'06_FOODPRO',z) = sum(f_nefoodpro, WEB(f_nefoodpro, p_oil, z));
2249   NOil_DIO(p_oil,'07_TEXTILES',z) = sum(f_netextiles, WEB(f_netextiles, p_oil, z));
2250   NOil_DIO(p_oil,'08_WOODPRO',z) = sum(f_newoodpro, WEB(f_newoodpro, p_oil, z));
2251   NOil_DIO(p_oil,'09_PAPERPRO',z) = sum(f_nepaperpro, WEB(f_nepaperpro, p_oil, z));
2252   NOil_DIO(p_oil,'11_CHEMICAL',z) = sum(f_nechemical, WEB(f_nechemical, p_oil, z));
2253   NOil_DIO(p_oil,'12_NONMET',z) = sum(f_nenonmet, WEB(f_nenonmet, p_oil, z));
2254   NOil_DIO(p_oil,'13_IRONSTL',z) = sum(f_neironstl, WEB(f_neironstl, p_oil, z));
2255   NOil_DIO(p_oil,'14_NONFERR',z) = sum(f_nenonferr, WEB(f_nenonferr, p_oil, z));
2256   NOil_DIO(p_oil,'15_MACHINE',z) = sum(f_nemachine, WEB(f_nemachine, p_oil, z));
2257   NOil_DIO(p_oil,'16_TRANSEQ',z) = sum(f_netranseq, WEB(f_netranseq, p_oil, z));
2258   NOil_DIO(p_oil,'17_OTHERIND',z) = sum(f_neotherind, WEB(f_neotherind, p_oil, z));
2259   NOil_DIO(p_oil,'27_CONSTRUC',z) = sum(f_neconstruc, WEB(f_neconstruc, p_oil, z));
2260   NOil_DIO(p_oil,'28_LTRP',z) = sum(f_netransport, WEB(f_netransport, p_oil, z));
2261  * NEP_DIO(p_oil,'29_WTRP',z) = sum((f_domewater), domewater_fne_oilproduct(f_domewater, p_oilproduct, z));
2262  * NEP_DIO(p_oil,'30_ATRP',z) = sum((f_domeair), domeair_fne_oilproduct(f_domeair, p_oilproduct, z));
2263   NOil_DIO(p_oil,'31_SER',z) = sum(f_neother, WEB(f_neother, p_oil, z) );
2264  * NEP_CO(p_oillz) = sum((f_household), household_fne_oilproduct(f_household, p_oilproduct, z));
2265   
2266  *Ratio
2267  Loop(j,
2268      NOilR_DIO(p_oil,j,z)$(NOil_DIO(p_oil,j,z) gt 0)
2269           = NOil_DIO(p_oil,j,z)/sum(p_oil2, NOil_DIO(p_oil2,j,z));
2270       );
2271   
2272  display NOil_DIO, NOilR_DIO ;
2273   
2274  *Oilproducts non-energy
2275   NOilp_DIO(p_oilproduct,'05_MINING',z) = sum(f_nemining, WEB(f_nemining, p_oilproduct, z));
2276   NOilp_DIO(p_oilproduct,'06_FOODPRO',z) = sum(f_nefoodpro, WEB(f_nefoodpro, p_oilproduct, z));
2277   NOilp_DIO(p_oilproduct,'07_TEXTILES',z) = sum(f_netextiles, WEB(f_netextiles, p_oilproduct, z));
2278   NOilp_DIO(p_oilproduct,'08_WOODPRO',z) = sum(f_newoodpro, WEB(f_newoodpro, p_oilproduct, z));
2279   NOilp_DIO(p_oilproduct,'09_PAPERPRO',z) = sum(f_nepaperpro, WEB(f_nepaperpro, p_oilproduct, z));
2280   NOilp_DIO(p_oilproduct,'11_CHEMICAL',z) = sum(f_nechemical, WEB(f_nechemical, p_oilproduct, z));
2281   NOilp_DIO(p_oilproduct,'12_NONMET',z) = sum(f_nenonmet, WEB(f_nenonmet, p_oilproduct, z));
2282   NOilp_DIO(p_oilproduct,'13_IRONSTL',z) = sum(f_neironstl, WEB(f_neironstl, p_oilproduct, z));
2283   NOilp_DIO(p_oilproduct,'14_NONFERR',z) = sum(f_nenonferr, WEB(f_nenonferr, p_oilproduct, z));
2284   NOilp_DIO(p_oilproduct,'15_MACHINE',z) = sum(f_nemachine, WEB(f_nemachine, p_oilproduct, z));
2285   NOilp_DIO(p_oilproduct,'16_TRANSEQ',z) = sum(f_netranseq, WEB(f_netranseq, p_oilproduct, z));
2286   NOilp_DIO(p_oilproduct,'17_OTHERIND',z) = sum(f_neotherind, WEB(f_neotherind, p_oilproduct, z));
2287   NOilp_DIO(p_oilproduct,'27_CONSTRUC',z) = sum(f_neconstruc, WEB(f_neconstruc, p_oilproduct, z));
2288   NOilp_DIO(p_oilproduct,'28_LTRP',z) = sum(f_netransport, WEB(f_netransport, p_oilproduct, z));
2289  * NEP_DIO(p_oilproduct,'29_WTRP',z) = sum((f_domewater), domewater_fne_oilproduct(f_domewater, p_oilproductproduct, z));
2290  * NEP_DIO(p_oilproduct,'30_ATRP',z) = sum((f_domeair), domeair_fne_oilproduct(f_domeair, p_oilproductproduct, z));
2291   NOilp_DIO(p_oilproduct,'31_SER',z) = sum(f_neother, WEB(f_neother, p_oilproduct, z) );
2292  * NEP_CO(p_oilproductlz) = sum((f_household), household_fne_oilproduct(f_household, p_oilproductproduct, z));
2293   
2294  *Ratio
2295  Loop(j,
2296      NOilpR_DIO(p_oilproduct,j,z)$(NOilp_DIO(p_oilproduct,j,z) gt 0)
2297           = NOilp_DIO(p_oilproduct,j,z)/sum(p_oilproduct2, NOilp_DIO(p_oilproduct2,j,z));
2298       );
2299   
2300  display NOilp_DIO, NOilpR_DIO ;
2301   
2302   
2303   Coal_Total(p_coal,z) = sum(j,Coal_DIO(p_coal,j,z)) + Coal_CO(p_coal,z) ;
2304   Gas_Total(p_gas,z) = sum(j, Gas_DIO(p_gas,j,z)) + Gas_CO(p_gas,z) ;
2305   Oilp_Total(p_oilproduct,z) = sum(j, Oilp_DIO(p_oilproduct,j,z)) + Oilp_CO(p_oilproduct,z) ;
2306   ELec_Total(p_elecheat,z) = sum(j, ELec_DIO(p_elecheat,j,z)) + ELec_CO(p_elecheat,z) ;
2307   NCoal_Total(p_coal,z) = sum(j, NCoal_DIO(p_coal,j,z)) ;
2308   NGas_Total(p_gas,z) = sum(j, NGas_DIO(p_gas,j,z)) ;
2309   NOilp_Total(p_oilproduct,z) = sum(j, NOilp_DIO(p_oilproduct,j,z)) ;
2310   
2311  *=============================Eelectricity============================================================
2312   ElecNucGWh('19_eNuclear',z)  = sum((f_elecoutput, p_nuclear), WEB(f_elecoutput, p_nuclear,z));
2313   ElecCoalGWh('20_eCoal',z)    = sum((f_elecoutput, p_coal), WEB(f_elecoutput, p_coal,z));
2314   ElecGasGWh('21_eGas',z)      = sum((f_elecoutput, p_gas), WEB(f_elecoutput, p_gas,z));
2315   ElecOilGWh('22_eOil',z)      = sum((f_elecoutput, p_oilproduct), WEB(f_elecoutput, p_oilproduct,z));
2316   ElecWindGWh('23_eWind',z)    = sum((f_elecoutput, p_wind), WEB(f_elecoutput, p_wind,z));
2317   ElecSolarGWh('24_eSolar',z)  = sum((f_elecoutput, p_solar), WEB(f_elecoutput, p_solar,z));
2318   ElecHydroGWh('25_eHydro',z)  = sum((f_elecoutput, p_hydro), WEB(f_elecoutput, p_Hydro,z));
2319   ElecOtherGWh('26_eOther',z)  = sum((f_elecoutput, p_elecother), WEB(f_elecoutput, p_elecother,z));
2320   
2321  execute_unload 'Input_WEB/DATA_WEB-2019_230418.gdx',
2322  *Sets
2323  product, p_coal, p_oil, p_oilproduct, p_gas, p_elecheat,
2324   
2325  flow, f_elec,  f_agri, f_mining, f_foodpro, f_textiles, f_woodpro,f_paperpro,
2326  f_chemical, f_nonmet, f_ironstl, f_nonferr, f_machine, f_transeq, f_otherind,
2327  f_construc, f_ser, f_household, f_roadrail, f_domeair,  f_domewater,
2328  f_nemining, f_nefoodpro, f_netextiles, f_newoodpro, f_nepaperpro,
2329  f_nechemical,f_nenonmet, f_neironstl, f_nenonferr, f_nemachine,
2330  f_netranseq, f_neotherind, f_neconstruc, f_netransport, f_neother,
2331   
2332  *WEB
2333  WEB,
2334  Coal_DIO, Coal_CO, CoalR_DIO, CoalR_CO,
2335  Gas_DIO, Gas_CO, GasR_DIO, GasR_CO,
2336  Oil_DIO, Oil_CO, OilR_DIO,
2337  Oilp_DIO, Oilp_CO, OilpR_DIO, OilpR_CO,
2338  Elec_DIO, Elec_CO, ElecR_DIO,ElecR_CO,
2339  NCoal_DIO, NCoalR_DIO, NGas_DIO, NGasR_DIO,
2340  NOil_DIO, NOilR_DIO, NOilp_DIO, NOilpR_DIO,
2341   
2342  Coal_Total, Gas_Total, Oilp_Total, Elec_Total, NCoal_Total, NGas_Total, NOilp_Total,
2343   
2344  ElecNucGWh, ElecCoalGWh, ElecGasGWh, ElecOilGWh, ElecSolarGWh, ElecWindGWh, ElecHydroGWh, ElecOtherGWh
2345  ;
2346   
EXIT C:\Users\kimc0\GUIDE_GLOBAL_CGE\1.Static_CGE\Output_w-1\DATA_WEB-2019_240325.gms
2348   
2349  **********   UNIT     *************
2350  **DIO = ktoe
2351  **XSTO = 10 billion $
2352  **CO2ICO= ktco2/million$
2353  **CP=100$/tCO2
2354  ************************************
2355  Parameter
2356   
2357   CO2IO(product,j,z) ktCO2 direct emission for industry j sector
2358   CO2HO(product,z)   ktCO2 direct emission for residendital sector
2359   TCO2IO(j,z)        ktCO2 total emission for industry sector j in region z
2360   CO2ICO(i,zj)       carbon content for commodity i in region z (ktCO2 per 10 billion$)
2361  * TCO2ICO(j,zj)      carbon content for industry sector j in region z (ktCO2 per 10 billion$)
2362   TCO2IO2(i,zj)
2363   XSTO2(i,zj)
2364   CP0(z)              CBAM carbon price per ton CO2 (100$ per tonCO2)
2365  * CBAMO(i,zj,z)      CBAM cost added to imported commodity i from zj to z
2366   
2367   
2368  * CH4IO(product,j,z) tCO2eq direct emission for industry j sector
2369  * CH4HO(product,z)   tCO2eq direct emission for residendital sector
2370   
2371  * N2OIO(product,j,z) tCO2eq direct emission for industry j sector
2372  * N2OHO(product,z)   tCO2eq direct emission for residendital sector
2373   GWP(type)          GWP 100 AR5
2374   ;
2375   
2376   GWP('CO2EF') = 1;
2377   GWP('CH4EF') = 28;
2378   GWP('N2OEF') = 265;
2379   
2380  ***Direct emissions
2381   CO2IO(p_coal,j,z)$Coal_DIO(p_coal,j,z) = Coal_DIO(p_coal,j,z)*41.868*GHGsEF(p_coal,'CO2EF')*1*(44/12)*0.001*GWP('CO2EF') ;
****                                                                             $141
**** LINE   1054 INPUT       C:\Users\kimc0\GUIDE_GLOBAL_CGE\1.Static_CGE\Output_w-1\Model_PEP-w-1_v4.0_GTAP11_240325.gms
**** 141  Symbol declared but no values have been assigned. Check for missing
****         data definition, assignment, data loading or implicit assignment
****         via a solve statement. Suppress with $onImplicitAssign.
****         A wild shot: You may have spurious commas in the explanatory
****         text of a declaration. Check symbol reference list.
2382   CO2IO(p_gas,j,z)$Gas_DIO(p_gas,j,z)  = Gas_DIO(p_gas,j,z)*41.868*GHGsEF(p_gas,'CO2EF')*1*(44/12)*0.001*GWP('CO2EF') ;
2383   CO2IO(p_oilproduct,j,z)$Oilp_DIO(p_oilproduct,j,z)  = Oilp_DIO(p_oilproduct,j,z)*41.868*GHGsEF(p_oilproduct,'CO2EF')*1*(44/12)*0.001*GWP('CO2EF') ;
2384   
2385   CO2HO(p_coal,z)$Coal_CO(p_coal,z) = Coal_CO(p_coal,z)*41.868*GHGsEF(p_coal,'CO2EF')*1*(44/12)*0.001*GWP('CO2EF') ;
2386   CO2HO(p_gas,z)$Gas_CO(p_gas,z) = Gas_CO(p_gas,z)*41.868*GHGsEF(p_gas,'CO2EF')*1*(44/12)*0.001*GWP('CO2EF') ;
2387   CO2HO(p_oilproduct,z)$Oilp_CO(p_oilproduct,z) = Oilp_CO(p_oilproduct,z)*41.868*GHGsEF(p_oilproduct,'CO2EF')*1*(44/12)*0.001*GWP('CO2EF') ;
2388   
2389  ***Indirect emissions
2390   CO2IO(p_elec,j,z) = {sum((p_coal,elec),CO2IO(p_coal,elec,z))+sum((p_oilproduct,elec),CO2IO(p_oilproduct,elec,z))+sum((p_gas,elec),CO2IO(p_gas,elec,z))}*{sum(p_elecheat,Elec_DIO(p_elecheat,j,z))/sum((p_elecheat,jj),Elec_DIO(p_elecheat,jj,z))};
2391   
2392  ***Total emissions
2393   TCO2IO(j,z)  = sum(product, CO2IO(product,j,z));
2394   
2395   
2396   
2397  ***carbon content
2398  * CO2ICO(j,zj) = TCO2IO(j,zj)/(XSTO(j,zj)*10**7);
2399   XSTO2(i,zj)  = sum(j$(INDtoCOM(j,i)),XSTO(j,zj));
2400   TCO2IO2(i,z) = sum(j$(INDtoCOM(j,i)),TCO2IO(j,z));
2401   CO2ICO(i,zj) = TCO2IO2(i,zj)/(XSTO2(i,zj)*10**7);
2402   CO2ICO(i3,zj) =0 ;
2403   CP0(z)=0;
2404   
2405  * CH4IO(p_coal,j,z)$Coal_DIO(p_coal,j,z) = Coal_DIO(p_coal,j,z)*41.868*GHGsEF(p_coal,'CH4EF')*1000*0.000001*GWP('CH4EF') ;
2406  * CH4IO(p_gas,j,z)$Gas_DIO(p_gas,j,z)  = Gas_DIO(p_gas,j,z)*41.868*GHGsEF(p_gas,'CH4EF')*1000*0.000001*GWP('CH4EF') ;
2407  * CH4IO(p_oilproduct,j,z)$Oilp_DIO(p_oilproduct,j,z) = Oilp_DIO(p_oilproduct,j,z)*41.868*GHGsEF(p_oilproduct,'CH4EF')*1000*0.000001*GWP('CH4EF') ;
2408   
2409  * CH4HO(p_coal,z)$Coal_CO(p_coal,z) = Coal_CO(p_coal,z)*41.868*GHGsEF(p_coal,'CH4EF')*1000*0.000001*GWP('CH4EF') ;
2410  * CH4HO(p_gas,z)$Gas_CO(p_gas,z) = Gas_CO(p_gas,z)*41.868*GHGsEF(p_gas,'CH4EF')*1000*0.000001*GWP('CH4EF') ;
2411  * CH4HO(p_oilproduct,z)$Oilp_CO(p_oilproduct,z) = Oilp_CO(p_oilproduct,z)*41.868*GHGsEF(p_oilproduct,'CH4EF')*1000*0.000001*GWP('CH4EF') ;
2412   
2413  * N2OIO(p_coal,j,z)$Coal_DIO(p_coal,j,z) = Coal_DIO(p_coal,j,z)*41.868*GHGsEF(p_coal,'N2OEF')*1000*0.000001*GWP('N2OEF') ;
2414  * N2OIO(p_gas,j,z)$Gas_DIO(p_gas,j,z)  = Gas_DIO(p_gas,j,z)*41.868*GHGsEF(p_gas,'N2OEF')*1000*0.000001*GWP('N2OEF') ;
2415  * N2OIO(p_oilproduct,j,z)$Oilp_DIO(p_oilproduct,j,z)  = Oilp_DIO(p_oilproduct,j,z)*41.868*GHGsEF(p_oilproduct,'N2OEF')*1000*0.000001*GWP('N2OEF') ;
2416   
2417  * N2OHO(p_coal,z)$Coal_CO(p_coal,z) = Coal_CO(p_coal,z)*41.868*GHGsEF(p_coal,'N2OEF')*1000*0.000001*GWP('N2OEF') ;
2418  * N2OHO(p_gas,z)$Gas_CO(p_gas,z) = Gas_CO(p_gas,z)*41.868*GHGsEF(p_gas,'N2OEF')*1000*0.000001*GWP('N2OEF') ;
2419  * N2OHO(p_oilproduct,z)$Oilp_CO(p_oilproduct,z) = Oilp_CO(p_oilproduct,z)*41.868*GHGsEF(p_oilproduct,'N2OEF')*1000*0.000001*GWP('N2OEF') ;
2420   
2421   
2422  *execute_unload 'cbam', CO2IO, CO2ICO, XSTO2 ;
2423  *$exit
2424  *execute_unload 'DIO_wKLEM', DEO, DIO ;
2425   
2426  *==============================================================================
2427  *  4.3.2 Calibration of other prices and revised volumes (part 2)
2428  *==============================================================================
2429   PDO(i,z)        = PLO(i,z)*(1+tticO(i,z));
2430   PMO(i,zj,z)     = eO(z)*(PWMO(i,zj,z)+SUM[ij,PWMGO(ij)*tmrg(ij,i,zj,z)])
2431                   *(1+ttimO(i,zj,z))*(1+tticO(i,z))*(1+CP0(zj)*CO2ICO(i,zj));
2432   PMTO(i,z)       = SUM[zj,PMO(i,zj,z)*IMO(i,zj,z)]/IMTO(i,z);
2433   PCO(i,z)        = [PMTO(i,z)*IMTO(i,z)+PDO(i,z)*DDO(i,z)]/QO(i,z);
2434   
2435   CO(i,z)         = CO(i,z)/PCO(i,z);
2436   CGO(i,z)        = CGO(i,z)/PCO(i,z);
2437   DIO(nene,j,z)   = DIO(nene,j,z)/PCO(nene,z);
2438   DEO(ene,j,z)    = DIO(ene,j,z)/PCO(ene,z);
2439   INVO(i,z)       = INVO(i,z)/PCO(i,z);
2440   
2441   CIO(j,z)        = SUM[nene,DIO(nene,j,z)];
2442   CEO(j,z)        = SUM[ene,DEO(ene,j,z)];
2443   
2444   DITO(nene,z)     = SUM[j,DIO(nene,j,z)];
2445   DITO(ene,z)      = SUM[j,DEO(ene,j,z)];
2446   
2447   PO4(ene,j,z)    = PCO(ene,z);
2448   
2449   PCIO(j,z)       = SUM[nene,PCO(nene,z)*DIO(nene,j,z)]/CIO(j,z);
2450   PCEO(j,z)       = SUM[ene,PCO(ene,z)*DEO(ene,j,z)]/CEO(j,z) ;
2451   
2452   WTIO(l,j,z)     = WO(l,z)*(1+ttiwO(l,j,z));
2453   
2454   WCO(j,z)$LDCO(j,z)
2455                   = SUM[l,WTIO(l,j,z)*LDO(l,j,z)]/LDCO(j,z);
2456   
2457  *==============================================================================
2458  *  4.3.3 Calibration of other prices and revised volumes (part 3)
2459  *==============================================================================
2460  * The price of capital is arbitrary:
2461   PKO(z) = 1;
2462   
2463  * The calibration of depreciation rates is based on two hypotheses:
2464  * 1. The rate of depreciation is the same for all types of capital and all
2465  *    industries in each region (this hypothesis is made to accommodate the fact
2466  *    that, in the GTAP data base, capital consumption allowance is not detailed;
2467  *    as a matter of fact, the GTAP capital consumption allowance is set at
2468  *    4% of the value of the capital stock).
2469  * 2. The rental rate of capital is uniform across industries and types of
2470  *    capital in each region.
2471  * These hypotheses lead to the following formula:
2472   
2473  * From GTAP, we know KSTO.
2474   KSTO(z)         = KSTO(z)/PKO(z);
2475   
2476  * Assuming a uniform depreciation rate for all types
2477  * of capital and all industries:
2478   delta(z)        = DEPO(z)/[PKO(z)*KSTO(z)];
2479   
2480  display delta, DEPO, PKO, KSTO, PMO;
2481  *$EXIT
2482  * From GTAP, we know KSTO. Assuming a uniform rental rate R for all types
2483  * of capital and all industries:
2484   RKO(k,z)        = SUM[(kj,jj),RKDO(kj,jj,z)]/KSTO(z);
2485   RKO(k,z)        =1;
2486   
2487   RO(k,j,z)$RKDO(k,j,z)
2488                   = RKO(k,z);
2489   
2490  * Then from the GTAP value of income paid to capital RKD we calibrate KDO:
2491   KDO(k,j,z)$RKDO(k,j,z)
2492                   = RKDO(k,j,z)/RO(k,j,z);
2493   
2494  * The supply of capital is equal to demand:
2495   KSO(k,z)        = SUM[j,KDO(k,j,z)];
2496   
2497   A_K(z)          = 1/PKO(z)*{PROD[i$gamma_INV(i,z),(PCO(i,Z)/gamma_INV(i,z))
2498                     **gamma_INV(i,z)]};
2499   
2500   KDCO(j,z)       = SUM[k,KDO(k,j,z)];
2501   RTIO(k,j,z)     = RO(k,j,z)*(1+ttikO(k,j,z));
2502   RCO(j,z)$KDCO(j,z)
2503                   = SUM[k,RTIO(k,j,z)*KDO(k,j,z)]/KDCO(j,z);
2504   
2505  *==============================================================================
2506  *  4.3.4 Calibration of other prices and revised volumes (part 4)
2507  *==============================================================================
2508   VAO(j,z)        = LDCO(j,z)+KDCO(j,z);
2509   
2510   
2511   
2512   PVAO(j,z)       = [WCO(j,z)*LDCO(j,z)+RCO(j,z)*KDCO(j,z)]/VAO(j,z);
2513   
2514  * PIXGDPO is tautologically equal to 1, based on its formula
2515  * PIXGDPO(z)      = {SUM[j,{(PVAO(j,z)*VAO(j,z)+TIPO(j,z))/VAO(j,z)}*VAO(j,z)]
2516  *                   /SUM[j,{(PVAO(j,z)*VAO(j,z)+TIPO(j,z))/VAO(j,z)}*VAO(j,z)]
2517  *                   *SUM[j,{(PVAO(j,z)*VAO(j,z)+TIPO(j,z))/VAO(j,z)}*VAO(j,z)]
2518  *                   /SUM[j,{(PVAO(j,z)*VAO(j,z)+TIPO(j,z))/VAO(j,z)}*VAO(j,z)]}**0.5;
2519   PIXGDPO(z)      = 1;
2520   
2521  * PIXGDP_WO is tautologically equal to 1, based on its formula
2522  * PIXGDP_WO       = {SUM[(j,z),{(PVAO(j,z)*VAO(j,z)+TIPO(j,z))/VAO(j,z)}*VAO(j,z)/eO(z)]
2523  *                   /SUM[(j,z),{(PVAO(j,z)*VAO(j,z)+TIPO(j,z))/VAO(j,z)}*VAO(j,z)/eO(z)]
2524  *                   *SUM[(j,z),{(PVAO(j,z)*VAO(j,z)+TIPO(j,z))/VAO(j,z)}*VAO(j,z)/eO(z)]
2525  *                   /SUM[(j,z),{(PVAO(j,z)*VAO(j,z)+TIPO(j,z))/VAO(j,z)}*VAO(j,z)]/eO(z)}**0.5;
2526   PIXGDP_WO       = 1;
2527   
2528  * PIXCONO(z) is tautologically equal to 1, based on its formula
2529  * PIXCONO(z)      = SUM[i,PCO(i,z)*CO(i,z)]
2530  *                  /SUM[i,PCO(i,z)*CO(i,z)];
2531   PIXCONO(z)      = 1;
2532   
2533  * PIXINVO(z) is tautologically equal to 1, based on its formula
2534  * PIXINVO(z)      = PROD[i$gamma_INV(i,z),(PCO(i,z)/PCO(i,z))**gamma_INV(i,z)];
2535   PIXINVO(z)      = 1;
2536   
2537  * PIXGVTO(z) is tautologically equal to 1, based on its formula
2538  * PIXGVTO(z)      = PROD[i$gamma_GVT(i,z),(PCO(i,z)/PCO(i,z))**gamma_GVT(i,z)];
2539   PIXGVTO(z)      = 1;
2540   
2541  *==============================================================================
2542  *  4.4 Calibration of function parameters
2543  *==============================================================================
2544  *   4.4.1 Leontief functions
2545  *==============================================================================
2546   io(j,z)         = CIO(j,z)/XSTO(j,z) ;
2547   
2548   io2(j,z)        = CEO(j,z)/XSTO(j,z) ;
2549   
2550   v(j,z)          = VAO(j,z)/XSTO(j,z) ;
2551   
2552   v2(j,z)         = (CEO(j,z)+VAO(j,z))/XSTO(j,z) ;
2553   
2554   aij(nene,j,z)   = DIO(nene,j,z)/CIO(j,z);
2555  * aij2(ene,j,z)   = DIO(ene,j,z)/CEO(j,z);
2556   aij2(ene,j,z)   = DEO(ene,j,z)/CEO(j,z);
2557   
2558  *==============================================================================
2559  *   4.4.2 Calibration of CET parameters
2560  *==============================================================================
2561  *    4.4.2.0 CET between total exports and local production
2562  *==============================================================================
2563  * rho_X0(j,z)       = (1+sigma_X0(j,z))/sigma_X0(j,z);
2564   
2565  * beta_X0(j,i,z)$XSO(j,i,z)
2566  *                 = PO2(j,i,z)*XSO(j,i,z)**(1-rho_X0(j,z))/
2567  *                   SUM[ij$XSO(j,ij,z),PO2(j,ij,z)*XSO(j,ij,z)**(1-rho_X0(j,z))];
2568   
2569  * B_X0(j,z)       = XSTO(j,z)
2570  *                  /SUM[ij$XSO(j,ij,z),beta_X0(j,ij,z)*XSO(j,ij,z)**rho_X0(j,z)
2571  *                  ]**(1/rho_X0(j,z));
2572   
2573  *sigma_X1(i,z) = 1;
2574  *==============================================================================
2575  *    4.4.2.1 CET between total exports, domestic supply and margins
2576  *==============================================================================
2577   rho_X1(i,z)     = (1+sigma_X1(i,z))/sigma_X1(i,z);
2578   
2579   beta_EX_X1(i,z)$MRGNO(i,z)
2580                   = [PETO(i,z)*EXTO(i,z)$EXTO(i,z)**(1-rho_X1(i,z))]/
2581                     [PETO(i,z)*EXTO(i,z)$EXTO(i,z)**(1-rho_X1(i,z))+
2582                     PLO(i,z)*DSO_I(i,z)**(1-rho_X1(i,z))+
2583                     eO(z)*PWMGO(i)*MRGNO(i,z)$MRGNO(i,z)**(1-rho_X1(i,z))+Tiny];
2584   
2585   beta_EX_X1(i,z)$(MRGNO(i,z) eq 0)
2586                   = [PETO(i,z)*EXTO(i,z)$EXTO(i,z)**(1-rho_X1(i,z))]/
2587                     [PETO(i,z)*EXTO(i,z)$EXTO(i,z)**(1-rho_X1(i,z))+
2588                     PLO(i,z)*DSO_I(i,z)**(1-rho_X1(i,z))+Tiny];
2589   
2590   beta_D_X1(i,z)$MRGNO(i,z)
2591                   = [PLO(i,z)*DSO_I(i,z)**(1-rho_X1(i,z))]/
2592                     [PETO(i,z)*EXTO(i,z)**(1-rho_X1(i,z))+
2593                     PLO(i,z)*DSO_I(i,z)**(1-rho_X1(i,z))+
2594                     eO(z)*PWMGO(i)*MRGNO(i,z)**(1-rho_X1(i,z))];
2595   
2596   beta_D_X1(i,z)$(MRGNO(i,z) eq 0)
2597                   = [PLO(i,z)*DSO_I(i,z)**(1-rho_X1(i,z))]/
2598                     [PETO(i,z)*EXTO(i,z)**(1-rho_X1(i,z))+
2599                     PLO(i,z)*DSO_I(i,z)**(1-rho_X1(i,z))];
2600   
2601   B_X1(i,z)       = XSO_I(i,z)/[beta_EX_X1(i,z)*EXTO(i,z)**rho_X1(i,z)
2602                    +beta_D_X1(i,z)*DSO_I(i,z)**rho_X1(i,z)+(1-beta_EX_X1(i,z)
2603                    -beta_D_X1(i,z))*MRGNO(i,z)**rho_X1(i,z)]**(1/rho_X1(i,z));
2604   
2605  *==============================================================================
2606  *    4.4.2.2 CET between exports to different trading partners
2607  *==============================================================================
2608   rho_X2(i,z)     = (1+sigma_X2(i,z))/sigma_X2(i,z);
2609   
2610   beta_X2(i,z,zj)$EXO(i,z,zj)
2611                   = [PEO(i,z,zj)*EXO(i,z,zj)**(1-rho_X2(i,z))]/
2612                     SUM[zjj$EXO(i,z,zjj),PEO(i,z,zjj)*EXO(i,z,zjj)
2613                     **(1-rho_X2(i,z))];
2614   B_X2(i,z)       = EXTO(i,z)/{SUM[zj,beta_X2(i,z,zj)*EXO(i,z,zj)**rho_X2(i,z)]
2615                     **(1/rho_X2(i,z))};
2616   
2617  display IMO, EXO, rho_X2, PEO ;
2618  *$exit
2619   
2620  *==============================================================================
2621  *   4.4.3 Calibration of CES parameters
2622  *==============================================================================
2623  *    4.4.3.0 Composite output
2624  *==============================================================================
2625   rho_X3(i,z)   = (1-sigma_X3(i,z))/sigma_X3(i,z);
2626   
2627   beta_X3(j,i,z)$XSO(j,i,z)
2628                 = [PO2(j,i,z)*XSO(j,i,z)**(1+rho_X3(i,z))]/
2629                     SUM[jj$XSO(jj,i,z),PO2(jj,i,z)*XSO(jj,i,z)**(1+rho_X3(i,z))];
2630   
2631   B_X3(i,z)     = XSO_I(i,z)
2632                    /SUM[jj$XSO(jj,i,z),beta_X3(jj,i,z)*XSO(jj,i,z)**(-rho_X3(i,z))
2633                    ]**(-1/rho_X3(i,z));
2634   
2635   POWERQO(Z) = SUM(POWER, XSO(power,'18_ELEC',z));
2636   
2637  * sigma_X4(z) = 1.5;
2638   
2639   sigma_X4(z) = 2;
2640   
2641   
2642   rho_X4(z)   = (1-sigma_X4(z))/sigma_X4(z);
2643   
2644   beta_X4(power,z)
2645                 = [PO2(power,'18_ELEC',z)*XSO(power,'18_ELEC',z)**(1+rho_X4(z))]/
2646                     SUM[power2$XSO(power2,'18_ELEC',z),PO2(power2,'18_ELEC',z)*XSO(power2,'18_ELEC',z)**(1+rho_X4(z))];
2647   
2648   B_X4(z)     = POWERQO(Z)
2649                    /SUM[power2$XSO(power2,'18_ELEC',z),beta_X4(power2,z)*XSO(power2,'18_ELEC',z)**(-rho_X4(z))
2650                    ]**(-1/rho_X4(z));
2651   
2652   TnDShare(z) = XSO('18_TnD','18_ELEC',z) / XSO_I('18_ELEC',z);
2653   
2654   PPOWERO(z) = 1;
2655   
2656  *==============================================================================
2657  *    4.4.3.1 Composite good
2658  *==============================================================================
2659   rho_M1(i,z)     = (1-sigma_m1(i,z))/sigma_m1(i,z);
2660   beta_M1(i,z)    = PMTO(i,z)*IMTO(i,z)**(rho_M1(i,z)+1)/
2661                    {PDO(i,z)*DDO(i,z)**(rho_M1(i,z)+1)
2662                    +PMTO(i,z)*IMTO(i,z)**(rho_M1(i,z)+1)};
2663   B_M1(i,z)       = QO(i,z)/{beta_M1(i,z)*IMTO(i,z)**(-rho_M1(i,z))
2664                    +(1-beta_M1(i,z))*DDO(i,z)**(-rho_M1(i,z))}**(-1/rho_M1(i,z));
2665   
2666  *==============================================================================
2667  *    4.4.3.2 CES between imports from different trading partners
2668  *==============================================================================
2669   rho_M2(i,z)     = (1-sigma_M2(i,z))/sigma_M2(i,z);
2670   beta_M2(i,zj,z)$IMO(i,zj,z)
2671                   = [PMO(i,zj,z)*IMO(i,zj,z)**(rho_M2(i,z)+1)]/
2672                     SUM[zjj$IMO(i,zjj,z),PMO(i,zjj,z)*IMO(i,zjj,z)
2673                      **(rho_M2(i,z)+1)];
2674   B_M2(i,z)       = IMTO(i,z)/{SUM[zj$IMO(i,zj,z),beta_M2(i,zj,z)*IMO(i,zj,z)
2675                     **(-rho_M2(i,z))]**(-1/rho_M2(i,z))};
2676   
2677  *==============================================================================
2678  *    4.4.3.3 Composite capital
2679  *==============================================================================
2680   rho_KD(j,z)     = (1-sigma_KD(j,z))/sigma_KD(j,z);
2681   
2682   beta_KD(k,j,z)$KDO(k,j,z)
2683                   = [RTIO(k,j,z)*KDO(k,j,z)**(1+rho_KD(j,z))]/
2684                     SUM[kj$KDO(kj,j,z),RTIO(kj,j,z)*KDO(kj,j,z)**(1+rho_KD(j,z))];
2685   B_KD(j,z)$KDCO(j,z)
2686                   = KDCO(j,z)/{SUM[k$KDO(k,j,z),beta_KD(k,j,z)*KDO(k,j,z)
2687                     **(-rho_KD(j,z))]**(-1/rho_KD(j,z))};
2688   
2689  *==============================================================================
2690  *    4.4.3.4 Composite labor
2691  *==============================================================================
2692   rho_LD(j,z)     = (1-sigma_LD(j,z))/sigma_LD(j,z);
2693   beta_LD(l,j,z)$LDO(l,j,z)
2694                   = [WTIO(l,j,z)*LDO(l,j,z)**(1+rho_LD(j,z))]/
2695                     SUM[lj$LDO(lj,j,z),WTIO(lj,j,z)*LDO(lj,j,z)
2696                     **(1+rho_LD(j,z))];
2697   B_LD(j,z)$LDCO(j,z)
2698                   = LDCO(j,z)/{SUM[l$LDO(l,j,z),beta_LD(l,j,z)*LDO(l,j,z)
2699                     **(-rho_LD(j,z))]**(-1/rho_LD(j,z))};
2700   
2701  *===============================================================================
2702  *   Composite E
2703  *===============================================================================
2704   rho_ENER(j,z)   = (1-sigma_ENER(j,z))/sigma_ENER(j,z);
2705   
2706   beta_ENER(ene,j,z)$DEO(ene,j,z)
2707                   = [PO4(ene,j,z)*DEO(ene,j,z)**(1+rho_ENER(j,z))]/
2708                     SUM[ene2$DIO(ene,j,z),DEO(ene2,j,z)**(1+rho_ENER(j,z))];
2709   
2710   B_ENER(j,z)$CEO(j,z)
2711                   = CEO(j,z)/{SUM[ene$DEO(ene,j,z),beta_ENER(ene,j,z)*DEO(ene,j,z)
2712                     **(-rho_ENER(j,z))]**(-1/rho_ENER(j,z))};
2713   
2714  *==============================================================================
2715  *    4.4.3.5 Value added
2716  *==============================================================================
2717   sigma_VA('10_PETROLCOAL',z) = 1.260;
2718   rho_VA(j,z)     = (1-sigma_VA(j,z))/sigma_VA(j,z);
2719   
2720  display rho_VA, sigma_VA ;
2721   
2722   beta_VA(j,z)$KDCO(j,z)
2723                   = WCO(j,z)*LDCO(j,z)**(rho_VA(j,z)+1)/
2724                    {WCO(j,z)*LDCO(j,z)**(rho_VA(j,z)+1)+
2725                     RCO(j,z)*KDCO(j,z)**(rho_VA(j,z)+1)};
2726   B_VA(j,z)$KDCO(j,z)
2727                   = VAO(j,z)
2728                     /{[beta_VA(j,z)*LDCO(j,z)**(-rho_VA(j,z))+
2729                     (1-beta_VA(j,z))*KDCO(j,z)**(-rho_VA(j,z))
2730                     ]**(-1/rho_VA(j,z))};
2731   
2732  *                   /{[(1-beta_VA(j,z))*KDCO(j,z)**(-rho_VA(j,z))
2733  *                   ]**(-1/rho_VA(j,z))};
2734   
2735  *$exit
2736  *==============================================================================
2737  *    Composite KLE
2738  *==============================================================================
2739   KLEO(j,z)       = CEO(j,z) + VAO(j,z) ;
2740   
2741   PKLEO(j,z)      = [PCEO(j,z)*CEO(j,z)+PVAO(j,z)*VAO(j,z)]/KLEO(j,z);
2742   
2743   rho_KLE(j,z)    = (1-sigma_KLE(j,z))/sigma_KLE(j,z);
2744   
2745   beta_KLE(j,z)$KLEO(j,z)
2746                   = PVAO(j,z)*VAO(j,z)**(rho_KLE(j,z)+1)/
2747                    {PVAO(j,z)*VAO(j,z)**(rho_KLE(j,z)+1)+
2748                     PCEO(j,z)*CEO(j,z)**(rho_KLE(j,z)+1)};
2749   
2750   B_KLE(j,z)$KLEO(j,z)
2751                   = KLEO(j,z)
2752                     /{[beta_KLE(j,z)*VAO(j,z)**(-rho_KLE(j,z))+
2753                     (1-beta_KLE(j,z))*CEO(j,z)**(-rho_KLE(j,z))
2754                     ]**(-1/rho_KLE(j,z))};
2755   
2756  *==============================================================================
2757  *   4.4.4 Calibration of LES parameters
2758  *==============================================================================
2759  *   As the assigned values of income elasticities may not result in
2760  *   consumption shares that add up to 1, this first step
2761  *   adjusts the elasticities proportionally
2762   sigma_Y(i,z)    = sigma_Y(i,z)/{SUM[ij,sigma_Y(ij,z)*PCO(ij,z)*CO(ij,z)]
2763                     /CTHO(z)};
2764   gamma_LES(i,z)  = PCO(i,z)*CO(i,z)*sigma_Y(i,z)/CTHO(z);
2765   CMINO(i,z)      = CO(i,z)+gamma_LES(i,z)*CTHO(z)/{PCO(i,z)*frisch(z)};
2766   
2767  *==============================================================================
2768  *  4.5 Calibration of gross domestic products
2769  *==============================================================================
2770   GDP_BPO(z)      = SUM[j,PVAO(j,z)*VAO(j,z)]+TIPTO(z);
2771   GDP_MPO(z)      = GDP_BPO(z)+TPRCTSO(z);
2772   GDP_IBO(z)      = SUM[(l,j),WO(l,z)*LDO(l,j,z)]+SUM[(k,j),RO(k,j,z)*KDO(k,j,z)]
2773                     +TPRODNO(z)+TPRCTSO(z);
2774   GDP_FDO(z)      = SUM[i,PCO(i,z)*(CO(i,z)+CGO(i,z)+INVO(i,z))]
2775                    +eO(z)*SUM[(i,zj),PWXO(i,z,zj)*EXO(i,z,zj)]
2776                    +eO(z)*SUM[i,PWMGO(i)*MRGNO(i,z)]
2777                    -eO(z)*SUM[(i,zj),IMO(i,zj,z)*(PWMO(i,zj,z)
2778                    +SUM{ij,PWMGO(ij)*tmrg(ij,i,zj,z)})];
2779   GDP_BP_WO       = SUM[z,GDP_BPO(z)/eO(z)];
2780   
2781  *==============================================================================
2782  *  4.5 Calibration of real (volume) variables computed from price indices
2783  *==============================================================================
2784   CABXO(z)        = CABO(z)/[PIXGDP_WO*eO(z)];
2785   CTH_REALO(z)    = CTHO(z)/PIXCONO(z);
2786   G_REALO(z)      = GO(z)/PIXGVTO(z);
2787   GDP_BP_REALO(z) = GDP_BPO(z)/PIXGDPO(z);
2788   GDP_BP_W_REALO  = GDP_BP_WO/PIXGDP_WO;
2789   GDP_MP_REALO(z) = GDP_MPO(z)/PIXCONO(z);
2790   IT_REALO(z)     = ITO(z)/PIXINVO(z);
2791   
2792  *==============================================================================
2793  *  4.7 Parameters of the household savings function
2794  *==============================================================================
2795   sh1O(z)         = [SHO(z)+SGO(z)]/GDP_IBO(z);
2796   sh0O(z)         = SHO(z)-sh1O(z)*YDHO(z);
2797   
2798  *==============================================================================
2799  *  4.8 Calibration of indexed transfers and parameters
2800  *==============================================================================
2801   ttdh0O(z)       = ttdh0O(z)/PIXCONO(z)**eta;
2802   sh0O(z)         = sh0O(z)/PIXCONO(z)**eta;
2803   
2804   
2805  *==============================================================================
2806  *  4.10 Energy
2807  *==============================================================================
2808  Parameter
2809   EEI(product,j,z)  Energy intensity by industry sector ktoe per 10 billion $
2810   NEI(product,j,z)  Non-Energy intensity by production sectos ktoe per 10 billion $
2811   EHI(product,z)    Energy intensity by household ktoe per 10 billion $
2812   
2813   EEO(product,j,z)  Initial Industry energy consumption in region z ktoe
2814   NEO(product,j,z)  Initial Industry non energy consumption in region z ktoe
2815   EHO(product,z)    Initial Household energy consumption in region z ktoe
2816  ;
2817   
2818   EEI(p_coal,j,z)$(DEO('02_COAL',j,z) gt 0)               = Coal_DIO(p_coal,j,z)/DEO('02_COAL',j,z);
2819   EEI(p_oil,j,z)$(DEO('03_OIL',j,z) gt 0)                 = Oil_DIO(p_oil,j,z)/DEO('03_OIL',j,z);
2820   EEI(p_gas,j,z)$(DEO('04_GAS',j,z) gt 0)                 = Gas_DIO(p_gas,j,z)/DEO('04_GAS',j,z);
2821   EEI(p_oilproduct,j,z)$(DEO('10_PETROLCOAL',j,z) gt 0)   = Oilp_DIO(p_oilproduct,j,z)/DEO('10_PETROLCOAL',j,z);
2822   EEI(p_elecheat,j,z)$(DEO('18_ELEC',j,z) gt 0)           = Elec_DIO(p_elecheat,j,z)/DEO('18_ELEC',j,z);
2823   
2824   NEI(p_coal,j,z)$(DEO('02_COAL',j,z) gt 0)              = NCoal_DIO(p_coal,j,z)/DEO('02_COAL',j,z);
2825   NEI(p_oil,j,z)$(DEO('03_OIL',j,z) gt 0)                = NOil_DIO(p_oil,j,z)/DEO('03_OIL',j,z);
2826   NEI(p_gas,j,z)$(DEO('04_GAS',j,z) gt 0)                = NGas_DIO(p_gas,j,z)/DEO('04_GAS',j,z);
2827   NEI(p_oilproduct,j,z)$(DEO('10_PETROLCOAL',j,z) gt 0)  = NOilp_DIO(p_oilproduct,j,z)/DEO('10_PETROLCOAL',j,z);
2828   
2829   EHI(p_coal,z)$(CO('02_COAL',z) gt 0)                    = Coal_CO(p_coal,z)/CO('02_COAL',z);
2830   EHI(p_oil,z)$(CO('03_OIL',z) gt 0)                      = Oil_CO(p_oil,z)/CO('03_OIL',z);
2831   EHI(p_gas,z)$(CO('04_GAS',z) gt 0)                      = Gas_CO(p_gas,z)/CO('04_GAS',z);
2832   EHI(p_oilproduct,z)$(CO('10_PETROLCOAL',z) gt 0)        = Oilp_CO(p_oilproduct,z)/CO('10_PETROLCOAL',z);
2833   EHI(p_elecheat,z)$(CO('18_ELEC',z) gt 0)                = Elec_CO(p_elecheat,z)/CO('18_ELEC',z);
2834   
2835   EEO(p_coal,j,z)       = Coal_DIO(p_coal,j,z) ;
2836   EEO(p_gas,j,z)        = Gas_DIO(p_gas,j,z) ;
2837   EEO(p_oil,j,z)        = Oil_DIO(p_oil,j,z) ;
2838   EEO(p_oilproduct,j,z) = Oilp_DIO(p_oilproduct,j,z) ;
2839   EEO(p_elecheat,j,z)   = Elec_DIO(p_elecheat,j,z) ;
2840   
2841   NEO(p_coal,j,z)       = NCoal_DIO(p_coal,j,z) ;
2842   NEO(p_gas,j,z)        = NGas_DIO(p_gas,j,z) ;
2843   NEO(p_oilproduct,j,z) = NOilp_DIO(p_oilproduct,j,z) ;
2844   
2845   
2846   EHO(p_coal,z)         = Coal_CO(p_coal,z) ;
2847   EHO(p_gas,z)          = Gas_CO(p_gas,z) ;
2848   EHO(p_oil,z)          = Oil_CO(p_oil,z) ;
2849   EHO(p_oilproduct,z)   = Oilp_CO(p_oilproduct,z) ;
2850   EHO(p_elecheat,z)     = Elec_CO(p_elecheat,z) ;
2851   
2852  *display EEI, EHI, EEO, NEO, EHO, GDPPPP, GHGsEF, CO2HO ;
2853  *execute_unload 'GHGs emission',
2854  *CO2HO, CO2IO, CH4IO, CH4HO, N2OIO, N2OHO
2855   
2856  *==============================================================================
2857  *  4.11 CO2FACTOR and CTAX
2858  *==============================================================================
2859  Parameters
2860   CO2FACTOR(ene,j,z)     CO2 emissions factor (tCO2 per 100$)
2861   CTAX0(z)               initial Carbon tax 100$ per ton CO2
2862   TCTAX0(z)              initial Government Revenue from Carbon tax
2863  ;
2864   
2865   CO2FACTOR(ene,j,z) = 0 ;
2866   CO2FACTOR('02_COAL',j,z)$DEO('02_COAL',j,z) = [sum(p_coal,CO2IO(p_coal,j,z))/DEO('02_COAL',j,z)]*(1000/(10**8));
2867   CO2FACTOR('04_GAS',j,z)$DEO('04_GAS',j,z) = [sum(p_gas,CO2IO(p_gas,j,z))/DEO('04_GAS',j,z)]*(1000/(10**8));
2868   CO2FACTOR('10_PETROLCOAL',j,z)$DEO('10_PETROLCOAL',j,z) = [sum(p_oilproduct,CO2IO(p_oilproduct,j,z))/DEO('10_PETROLCOAL',j,z)]*(1000/(10**8));
2869   
2870   CO2FACTOR('10_PETROLCOAL','10_PETROLCOAL',z) = 0;
2871   
2872   CTAX0(z) = 0 ;
2873   TCTAX0(z) = 0;
2874   
2875  *execute_unload 'CO2FACTOR_w-1_GTAP11', CO2FACTOR ;
2876  *execute_unload 'calibration_0723'  ;
2877  *$exit
2878   
2879  ****Reporting
2880   
2881  PARAMETER
2882   ElecTDI(z)                   Total electricity consumption in region z by all industries
2883   ElecRI(j,z)                  Share of electricity used by industry j in total electricity consumption in region z
2884   valCO2INDI(product,j,z,sim)  Indirect CO2 emission by product for energy use industry j in region z (KtCO2 per $1)
2885   valCO2INDNE(product,j,z,sim) Indirect CO2 emission by product for non energy use industry j in region z
2886   valCO2INDI2(j,z,sim)         Indirect CO2 emission for energy use industry j in region z
2887   valCO2INDNE2(j,z,sim)        Indirect CO2 emission for non energy use industry j in region z
2888   valTCO2INDI(z,sim)           Indirect CO2 emission for energy use industry in region z
2889   valTCO2INDNE(z,sim)          Indirect CO2 emission for non energy use industry in region z
2890   valCO2C(j,z,sim)             Carbon content of industry j in region z
2891   
2892   valTFC_com(product,z,sim) Total final consumption by energy commodities
2893   valTFC_ind(j,z,sim) Total final consumption by industry
2894   valTFC(z,sim) Total final consumption in region z
2895   valTFC_enea(enea,z,sim) Total final consumption in reigion z by aggregated energy commodities
2896   valTFC_inda(inda,z,sim) Total final consumption in reigion z by aggregated industry
2897   valEE(product,j,z,sim)
2898   valNE(product,j,z,sim)
2899   valEH(product,z,sim)
2900   
2901   valCO2I(product,j,z,sim)
2902   valCO2NE(product,j,z,sim)
2903   valCO2H(product,z,sim)
2904   valCH4I(product,j,z,sim)
2905   valCH4H(product,z,sim)
2906   valN2OI(product,j,z,sim)
2907   valN2OH(product,z,sim)
2908   valCO2I2(j,z,sim)
2909   valCO2NE2(j,z,sim)
2910   valTCO2I(z,sim)
2911   valTCO2NE(z,sim)
2912   valTCO2H(z,sim)
2913   valTCO2(z,sim)
2914   valGDP_BP(z,sim)
2915   valGDP_BP_REAL(z,sim)  Real GDP at basic prices
2916   valPIXGDP(z,sim)       GDP deflator in region z
2917   valCTAX(z,sim)
2918   valCP(z,sim)
2919   valTCTAX(z,sim)
2920   valPC(i,z,sim)         Purchaser price of composite commodity i (including all taxes and margins) in region z
2921   valSH(z,sim)           Household savings in region z
2922   valSH(z,sim)           Household savings in region z
2923   valPOWER(power,i,z,sim)
2924   valKOR_TFC(product,sim)
2925   valKLE(j,z,sim)        Value added of industry j in region z
2926   valTCO22(j,z,sim)
2927   
2928   valC(i,z,sim)          Consumption of commodity i by households in region z
2929   valCAB(z,sim)          Current account balance of region z
2930   valCABX(z,sim)         Current account balance of region z in terms of the international currency
2931   valCG(i,z,sim)         Public consumption of commodity i in region z
2932   valCI(j,z,sim)         Total intermediate consumption of industry j in region z
2933   valCE(j,z,sim)         Total intermediate energy consumption of industry j in region z
2934   valCMIN(i,z,sim)       Minimum consumption of commodity i by households in region z
2935   valCTH(z,sim)          Consumption budget of households in region z
2936   valCTH_REAL(z,sim)     Real household consumption in region z
2937   valDD(i,z,sim)         Domestic demand for commodity i produced locally in region z
2938   valDEP(z,sim)          Amount of depreciation (capital consumption allowance) in region z
2939   valDI(nene,j,z,sim)    Intermediate consumption of commodity i by industry j in region z
2940   valDE(ene,j,z,sim)     Intermediate energy consumption of commodity i by industry j in region z
2941   valDIT(i,z,sim)        Total intermediate demand of commodity i in region z
2942   valDS(j,i,z,sim)       Supply of commodity i by sector j to the domestic market in region z
2943   valDS_I(i,z,sim)       Supply of commodity i to the domestic market of region z
2944   vale(z,sim)            Exchange rate (price of international currency in terms of region z local currency)
2945   valEX(i,z,zj,sim)      Quantity of product i exported by country z to country zj
2946   valEXT(i,z,sim)        Supply of composite commodity i by region z to the export market
2947   valG(z,sim)            Current government expenditures on goods and services in region z
2948   valG_REAL(z,sim)       Current real government expenditures on goods and services in region z
2949   valGDP_BP(z,sim)       Region z GDP at basic prices
2950   valGDP_BP_REAL(z,sim)  Real GDP at basic prices
2951   valGDP_BP_W(sim)       World GDP at basic prices
2952   valGDP_BP_W_REAL(sim)  Real world GDP at basic prices
2953   valGDP_FD(z,sim)       Region z GDP at purchasers prices from the perspective of final demand
2954   valGDP_IB(z,sim)       Region z GDP at market prices (income-based)
2955   valGDP_MP(z,sim)       Region z GDP at market prices
2956   valGDP_MP_REAL(z,sim)  Real GDP at market prices
2957   valIM(i,zj,z,sim)      Quantity of product i imported by country z from country zj
2958   valIMT(i,z,sim)        Quantity demanded of composite imports of commodity i by region z
2959   valINV(i,z,sim)        Final demand of commodity i for investment purposes (GFCF) in region z
2960   valIT(z,sim)           Total investment expenditures in region z
2961   valIT_REAL(z,sim)      Real gross fixed capital formation
2962   valKD(k,j,z,sim)       Demand for type k capital by industry j in region z
2963   valKDC(j,z,sim)        Demand for composite capital by industry j in region z
2964   valKS(k,z,sim)         Supply of type k capital in region z
2965   valLD(l,j,z,sim)       Demand for type l labor by industry j in region z
2966   valLDC(j,z,sim)        Demand for composite labor by industry j in region z
2967   valLS(l,z,sim)         Supply of type l labor in region z
2968   valMRGN(i,z,sim)       Domestic production of commodity i in region z exported as international margin services
2969   valP(i,z,sim)          Basic price of commodity i production in region z
2970   valPT(j,z,sim)         Basic price of industry j production in region z
2971   valP2(j,i,z,sim)       Basic price of industry j's production of commodity i
2972   valP4(ene,j,z,sim)     Intermediate energy price by industry j in region z
2973   valPC(i,z,sim)         Purchaser price of composite commodity i (including all taxes and margins) in region z
2974   valPCI(j,z,sim)        Intermediate consumption price index of industry j in region z
2975   valPCE(j,z,sim)        Intermediate energy consumption price index of industry j in region z
2976   valPD(i,z,sim)         Price of local product i sold on region z domestic market (including all taxes)
2977   valPE(i,z,zj,sim)      Price received for commodity i exported to region zj by region z (excluding export taxes)
2978   valPET(i,z,sim)        Border price of composite commodity i exported by region z
2979   valPIXCON(z,sim)       Consumer price index in region z
2980   valPIXGDP(z,sim)       GDP deflator in region z
2981   valPIXGDP_W(sim)       World GDP deflator
2982   valPIXGVT(z,sim)       Public expenditures price index in region z
2983   valPIXINV(z,sim)       Investment price index in region z
2984   valPK(z,sim)           Price of new capital in region z
2985   valPL(i,z,sim)         Price of local product i (excluding all taxes on products) in region z
2986   valPM(i,zj,z,sim)      Price of commodity i imported by region z from region zj (including all taxes duties and margins)
2987   valPMT(i,z,sim)        Price of composite commodity i imported by region z (including all taxes duties and margins)
2988   valPP(j,z,sim)         Unit cost of industry j in region z including taxes directly related to the use of capital and labor but excluding other taxes on production
2989   valPVA(j,z,sim)        Price of industry j value added in region z (including taxes on production directly related to the use of capital and labor)
2990   valPKLE(j,z,sim)       Price of industry j KLE in region z
2991   valPWM(i,zj,z,sim)     World price of commodity i imported from country zj by region z (expressed in international currency)
2992   valPWMG(i,sim)         World price of margin i (expressed in international currency)
2993   valPWX(i,z,zj,sim)     World price of commodity i exported to country zj by region z (expressed in international currency)
2994   valQ(i,z,sim)          Quantity demanded of composite commodity i in region z
2995   valR(k,j,z,sim)        Rental rate of type k capital in industry j of region z
2996   valRC(j,z,sim)         Rental rate of industry j composite capital in region z
2997   valRK(k,z,sim)         Rental rate of type k capital in region z
2998   valRTI(k,j,z,sim)      Rental rate paid by industry j for type k capital in region z including capital taxes
2999   valSG(z,sim)           Government savings in region z
3000   valSH(z,sim)           Household savings in region z
3001   valsh0(z,sim)          Intercept (household savings)
3002   valsh1(z,sim)          Slope (household savings)
3003   valSROW(z,sim)         Rest-of-the-world savings with respect to region z
3004   valTCTAX(z,sim)        Government revenue from Carbon tax
3005   valTDH(z,sim)          Household income taxes in region z
3006   valTIC(i,z,sim)        Government revenue from indirect taxes on commodity i in region z
3007   valTICT(z,sim)         Total government receipts of indirect taxes on commodities in region z
3008   valTIK(k,j,z,sim)      Government revenue from taxes on type k capital used by industry j in region z
3009   valTIKT(z,sim)         Total government revenue from from taxes on capital in region z
3010   valTIM(i,zj,z,sim)     Government revenue from duties on commodity i imported from region zj by region z
3011   valTIMT(z,sim)         Total government revenue from import duties in region z
3012   valTIP(j,z,sim)        Government revenue from taxes on industry j production in region z (excluding taxes directly related to the use of capital and labor)
3013   valTIPT(z,sim)         Total government revenue from production taxes in region z (excluding taxes directly related to the use of capital and labor)
3014   valTIW(l,j,z,sim)      Government revenue from payroll taxes on type l labor in industry j of region z
3015   valTIWT(z,sim)         Total government revenue from payroll taxes in region z
3016   valTIX(i,z,zj,sim)     Government revenue from export taxes on commodity i exported by region z to region zj
3017   valTIXT(z,sim)         Total government revenue from export taxes in region z
3018   valTPRCTS(z,sim)       Total government revenue from taxes on products and imports in region z
3019   valTPRODN(z,sim)       Total government revenue from other taxes on production in region z
3020   valttdh0(z,sim)        Intercept (household income tax)
3021   valttdh1(z,sim)        Slope (household income tax)
3022   valttic(i,z,sim)       Tax rate on commodity i
3023   valttik(k,j,z,sim)     Tax rate on capital k used in industry j
3024   valttim(i,zj,z,sim)    Rate of taxes and duties on imports of commodity i from country zj
3025   valttip(j,z,sim)       Tax rate on the production of industry j
3026   valttiw(l,j,z,sim)     Tax rate on type l worker compensation in industry j
3027   valttix(i,z,zj,sim)    Export tax rate on exported commodity i
3028   valVA(j,z,sim)         Value added of industry j in region z
3029   valKLE(j,z,sim)        KLE of industry j in region z
3030   valW(l,z,sim)          Wage rate of type l labor in region z
3031   valWC(j,z,sim)         Wage rate of industry j composite labor in region z
3032   valWTI(l,j,z,sim)      Wage rate paid z by industry j for type l labor in region including payroll taxes
3033   valXS(j,i,z,sim)       Total output of industry j by commodity i in region z
3034   valXS_I(i,z,sim)       Total output of commodity i in region z
3035   valXST(j,z,sim)        Total output of industry j in region z
3036   valYDH(z,sim)          Household disposable income in region z
3037   valYG(z,sim)           Total government income in region z
3038   valYH(z,sim)           Household total income in region z
3039   valYHK(z,sim)          Household capital income in region z
3040   valYHL(z,sim)          Household labor income in region z
3041   valYROW(z,sim)         Rest-of-the-world total income from region z
3042   valTCO2(z,sim)         Total CO2 emission of region z
3043  ;
3044   
3045  *==============================================================================
3046  * 5 Model
3047  *==============================================================================
3048  *  5.1 Variable declarations
3049  *==============================================================================
3050  VARIABLES
3051  *==============================================================================
3052  *   5.1.1 Volume variables
3053  *==============================================================================
3054   C(i,z)             Consumption of commodity i by households in region z
3055   CABX(z)            Current account balance of region z in terms of the international currency
3056   CG(i,z)            Public consumption of commodity i in region z
3057   CI(j,z)            Total intermediate consumption of industry j in region z
3058   CE(j,z)            Total intermediate consumption of industry j in region z
3059   CMIN(i,z)          Minimum consumption of commodity i by households in region z
3060   CTH_REAL(z)        Real household consumption in region z
3061   DD(i,z)            Domestic demand for commodity i produced locally in region z
3062   DI(i,j,z)          Intermediate consumption of commodity i by industry j in region z
3063   DE(i,j,z)          Intermediate energy consumption of commodity i by industry j in region z
3064   DIT(i,z)           Total intermediate demand of commodity i in region z
3065   DS(j,i,z)          Supply of commodity i by sector j to the domestic market
3066   DS_I(i,z)          Supply of commodity i to the domestic market of region z
3067   EX(i,z,zj)         Quantity of product i exported by country z to country zj
3068   EXT(i,z)           Supply of composite commodity i by region z to the export market
3069   EXTT(j,i,z)        Supply of activity j to the export market i of region z
3070   G_REAL(z)          Current real government expenditures on goods and services in region z
3071   GDP_BP_REAL(z)     Real GDP at basic prices
3072   GDP_BP_W_REAL      Real world GDP at basic prices
3073   GDP_MP_REAL(z)     Real GDP at market prices
3074   IM(i,zj,z)         Quantity of product i imported by country z from country zj
3075   IMT(i,z)           Quantity demanded of composite imports of commodity i by region z
3076   INV(i,z)           Final demand of commodity i for investment purposes (GFCF) in region z
3077   IT_REAL(z)         Real gross fixed capital formation
3078   KD(k,j,z)          Demand for type k capital by industry j in region z
3079   KDC(j,z)           Demand for composite capital by industry j in region z
3080   KS(k,z)            Supply of type k capital in region z
3081   LD(l,j,z)          Demand for type l labor by industry j in region z
3082   LDC(j,z)           Demand for composite labor by industry j in region z
3083   LS(l,z)            Supply of type l labor in region z
3084   MRGN(i,z)          Domestic production of commodity i in region z exported as international margin services
3085   Q(i,z)             Quantity demanded of composite commodity i in region z
3086   VA(j,z)            Value added of industry j in region z
3087   KLE(j,z)           KLE of industry j in region z
3088   XS(j,i,z)          Total output of industry j by commodity in region z
3089   XS_I(i,z)          Total output of commodity i in region z
3090   XST(j,z)           Total aggregate output of industry j in region z
3091   POWERQ(z)          Total power output in region z
3092   EE(product,j,z)    Industry energy consumption in region z ktoe
3093   NE(product,j,z)    Industry non energy consumption in region z ktoe
3094   EH(product,z)      Household energy consumption in region z ktoe
3095   CO2I(product,j,z)  Industry CO2 emission in region z ktCO2
3096   CO2H(product,z)    Household CO2 emission in region z ktCO2
3097   CH4I(product,j,z)  Industry CH4 emission in region z tCO2eq
3098   CH4H(product,z)    Household CH4 emission in region z tCO2eq
3099   N2OI(product,j,z)  Industry N2O emission in region z tCO2eq
3100   N2OH(product,z)    Household N2O emission in region z tCO2eq
3101   TCO2I(product,j,z) Total Industry CO2 emission in region z ktCO2
3102   
3103  *==============================================================================
3104  *   5.1.2 Price variables
3105  *==============================================================================
3106   e(z)               Exchange rate (price of international currency in terms of region z local currency)
3107   P(i,z)             Basic price of commodity i in region z
3108   P2(j,i,z)          Basic price of industry js production of commodity i
3109   P3(i,j,z)          Basic price of power industry js production of commodity i
3110   P4(ene,j,z)        Basic energy commodity price of industry js production of commodity i
3111   PPOWER(z)          Basic price of composite power commodity in region z
3112   PI(i,z)            Basic price of composite activity commodity in region z
3113   PT(j,z)            Basic price of industry js output
3114   PC(i,z)            Purchaser price of composite commodity i (including all taxes and margins) in region z
3115   PCI(j,z)           Intermediate consumption price index of industry j in region z
3116   PCE(j,z)           Intermediate energy consumption price index of industry j in region z
3117   PD(i,z)            Price of local product i sold on region z domestic market (including all taxes)
3118   PE(i,z,zj)         Price received for commodity i exported to region zj by region z (excluding export taxes)
3119   PET(i,z)           Border price of composite commodity i exported by region z
3120   PIXCON(z)          Consumer price index in region z
3121   PIXGDP(z)          GDP deflator in region z
3122   PIXGDP_W           World GDP deflator
3123   PIXGVT(z)          Public expenditures price index in region z
3124   PIXINV(z)          Investment price index in region z
3125   PK(z)              Price of new capital in region z
3126   PL(i,z)            Price of local product i (excluding all taxes on products) in region z
3127   PM(i,zj,z)         Price of commodity i imported by region z from region zj (including all taxes duties and margins)
3128   PMT(i,z)           Price of composite commodity i imported by region z (including all taxes duties and margins)
3129   PP(j,z)            Unit cost of industry j in region z including taxes directly related to the use of capital and labor but excluding other taxes on production
3130   PVA(j,z)           Price of industry j value added in region z (including taxes on production directly related to the use of capital and labor)
3131   PKLE(j,z)          Price of industry j KLE in region z
3132   PWM(i,zj,z)        World price of commodity i imported from country zj by region z (expressed in international currency)
3133   PWMG(i)            World price of margin i (expressed in international currency)
3134   PWX(i,z,zj)        World price of commodity i exported to country zj by region z (expressed in international currency)
3135   R(k,j,z)           Rental rate of type k capital in industry j of region z
3136   RC(j,z)            Rental rate of industry j composite capital in region z
3137   RK(k,z)            Rental rate of type k capital in region z
3138   RTI(k,j,z)         Rental rate paid by industry j for type k capital in region z including capital taxes
3139   W(l,z)             Wage rate of type l labor in region z
3140   WC(j,z)            Wage rate of industry j composite labor in region z
3141   WTI(l,j,z)         Wage rate paid z by industry j for type l labor in region including payroll taxes
3142   CTAX(Z)            Carbon tax in region z
3143   CP(z)              Carbon price disparity with EU contries
3144  * CTAXEU(z)          Carbon price of EU
3145  *==============================================================================
3146  *   5.1.3 Nominal (value) variables
3147  *==============================================================================
3148   CAB(z)             Current account balance of region z
3149   CTH(z)             Consumption budget of households in region z
3150   DEP(z)             Amount of depreciation (capital consumption allowance) in region z
3151   G(z)               Current government expenditures on goods and services in region z
3152   GDP_BP(z)          Region z GDP at basic prices
3153   GDP_BP_W           World GDP at basic prices
3154   GDP_FD(z)          Region z GDP at purchasers prices from the perspective of final demand
3155   GDP_IB(z)          Region z GDP at market prices (income-based)
3156   GDP_MP(z)          Region z GDP at market prices
3157   IT(z)              Total investment expenditures in region z
3158   SG(z)              Government savings in region z
3159   SH(z)              Household savings in region z
3160   SROW(z)            Rest-of-the-world savings with respect to region z
3161   TDH(z)             Household income taxes in region z
3162   TCTAX(z)           Government revenuse from Carbon tax
3163   TIC(i,z)           Government revenue from indirect taxes on commodity i in region z
3164   TICT(z)            Total government receipts of indirect taxes on commodities in region z
3165   TIK(k,j,z)         Government revenue from taxes on type k capital used by industry j in region z
3166   TIKT(z)            Total government revenue from from taxes on capital in region z
3167   TIM(i,zj,z)        Government revenue from duties on commodity i imported from region zj by region z
3168   TIMT(z)            Total government revenue from import duties in region z
3169   TIP(j,z)           Government revenue from taxes on industry j production in region z (excluding taxes directly related to the use of capital and labor)
3170   TIPT(z)            Total government revenue from production taxes in region z (excluding taxes directly related to the use of capital and labor)
3171   TIW(l,j,z)         Government revenue from payroll taxes on type l labor in industry j of region z
3172   TIWT(z)            Total government revenue from payroll taxes in region z
3173   TIX(i,z,zj)        Government revenue from export taxes on commodity i exported by region z to region zj
3174   TIXT(z)            Total government revenue from export taxes in region z
3175   TPRCTS(z)          Total government revenue from taxes on products and imports in region z
3176   TPRODN(z)          Total government revenue from other taxes on production in region z
3177   YDH(z)             Household disposable income in region z
3178   YG(z)              Total government income in region z
3179   YH(z)              Household total income in region z
3180   YHK(z)             Household capital income in region z
3181   YHL(z)             Household labor income in region z
3182   YROW(z)            Rest-of-the-world total income from region z
3183   TCBAM(z)           CBAM revenue in region z
3184  *==============================================================================
3185  *   5.1.4 Rates and intercepts
3186  *==============================================================================
3187   sh0(z)             Intercept (household savings)
3188   sh1(z)             Slope (household savings)
3189   ttdh0(z)           Intercept (household income tax)
3190   ttdh1(z)           Slope (household income tax)
3191   ttic(i,z)          Tax rate on commodity i
3192   ttik(k,j,z)        Tax rate on capital k used in industry j
3193   ttim(i,zj,z)       Rate of taxes and duties on imports of commodity i from country zj
3194   ttip(j,z)          Tax rate on the production of industry j
3195   ttiw(l,j,z)        Tax rate on type l worker compensation in industry j
3196   ttix(i,z,zj)       Export tax rate on exported commodity i
3197   
3198  *==============================================================================
3199  *   5.1.5 Other variables
3200  *==============================================================================
3201   LEON(z)            Excess supply on the last market in region z
3202   OBJ                Objective variable
3203   
3204  ;
3205  *==============================================================================
3206  *  5.2 Equation declarations
3207  *==============================================================================
3208  EQUATIONS
3209   EQ1(j,z)           Leontief - demand for value added(Energy Industries)
3210   EQ1_1(j,z)         Leontief - demand for KLE(Industries)
3211   EQ2(j,z)           Leontief - demand for intermediate consumption
3212   EQ2_1(j,z)         Leontief - demand for intermediate energy consumption(Energy Industries)
3213   EQ3(j,z)           CES - combination of labor and capital
3214   EQ3_1(j,z)         CES - combination of composite energy and value added
3215   EQ4(j,z)           CES - demand for composite labor
3216   EQ4_1(j,z)         Demand for value added relative to composite energy
3217   EQ5(j,z)           CES between labor categories
3218   EQ6(l,j,z)         Demand for labor
3219   EQ7(j,z)           CES between capital categories
3220   EQ8(k,j,z)         Demand for capital
3221   EQ9(i,j,z)         Leontief - demand for commodity i by sector j
3222   EQ9_1(i,j,z)       Leontief - demand for commodity i by sector j
3223   EQ9_2(i,j,z)       Leontief - demand for commodity i by sector j
3224   
3225  * EQ9_2(j,z)         CES between energy commodities categories
3226  * EQ10(z)            Household total income
3227   EQ10(z3)           Household total income in EU countries
3228   EQ10_1(z4)         Household total income in Non-EU countries
3229   EQ11(z)            Household labor income
3230   EQ12(z)            Household capital income
3231   EQ13(z)            Household disposable income
3232   EQ14(z)            Household consumption budget
3233   EQ15(z)            Household savings
3234   EQ16(z4)           Government total income in Non-EU countries
3235   EQ16_1(Z)          Government revenue from Ctax
3236   EQ16_2(z3)         Government total income in EU countries
3237   EQ16_3(z4)         Non-EU government's revenue from CBAM
3238   EQ16_4(z3)         EU government's revenue from CBAM
3239   EQ17(z)            Total government receipts of taxes on production
3240   EQ18(z)            Government receipts of indirect taxes on wages
3241   EQ19(z)            Government receipts of indirect taxes on capital
3242   EQ20(z)            Government receipts of indirect taxes on production
3243   EQ21(z)            Total government receipts of taxes on products and imports
3244   EQ22(z)            Government receipts of indirect taxes on consumption
3245   EQ23(z)            Government receipts of indirect taxes on imports
3246   EQ24(z)            Government receipts of indirect taxes on exports
3247   EQ25(z)            Household h income taxes
3248   EQ26(l,j,z)        Government receipts of indirect taxes on wages
3249   EQ27(k,j,z)        Government receipts of indirect taxes on capital
3250   EQ28(j,z)          Government receipts of indirect taxes on production of industry j
3251   EQ29(i,z)          Government receipts of indirect taxes on commodity i
3252   EQ30(i,zj,z)       Government receipts of indirect taxes on imports of commodity i
3253   EQ31(i,z,zj)       Government receipts of indirect taxes on exports of commodity i
3254  * EQ32(z)            Government savings
3255   EQ32(z3)           Government savings in EU countries
3256   EQ32_1(z4)         Government savings in Non-EU countries
3257   EQ33(z)            Rest of the world total income
3258   EQ34(z)            Rest of the world savings
3259   EQ35(z)            Equivalence between current account balance and savings
3260   EQ36(i,z)          Household consumption of commodity i
3261   EQ37(i,z)          Final demand of commodity i for investment purposes
3262   EQ38(i,z)          Public final consumption of commodity i
3263   EQ39(i,z)          Total intermediate consumption of commodity i
3264   EQ39_1(i,z)        Total intermediate consumption of commodity i
3265  * EQ40_1(j,z)       CET between different commodities produced by industry j
3266  * EQ40_2(j,i,z)     Industry j production of commodity i (CET)
3267   EQ40_3(i,z)        Domestic supply by commdities
3268   EQ40_4(j,z)        Total supply by commdities
3269   EQ40_5(i,z)        CET function between exports local production and margins
3270   EQ41(i,z)          Supply of composite exports
3271   EQ42(i,z)          Supply of margins
3272   EQ43(i,z)          CET function between exports by trading partner
3273   EQ44(i,z,zj)       Supply of exports by trading partner
3274   EQ45(i,z)          CES function between composite imports and local production
3275   EQ46(i,z)          Demand for composite imports
3276   EQ47(i,z)          CES function between imports by origin
3277   EQ48(i,zj,z)       Demand for imports by origin
3278   EQ49(j,z)          Producer price in energy industries j after production taxes
3279   EQ49_1(j,z)        Producer price in industry j after production taxes
3280  * EQ49(j,z)         Producer price in industry j after production taxes
3281  * EQ49_2(j,i,z)     Total producer price is equal to P if there is only one product
3282  * EQ49_3(j,i,z)     Basic price of industry j's production of commodity i
3283   EQ50(j,z)          Basic price of industry j production
3284   EQ51(j,z)          Price index of industry j intermediate consumption
3285   EQ51_1(j,z)        Price index of industry j intermediate energy consumption
3286   EQ52(j,z)          Value added price
3287   EQ52_1(j,z)        KLE price
3288  * EQ53(j,z)         Price of composite labor in industry j (redundant)
3289   EQ54(l,j,z)        Wages including taxes
3290   EQ54_1(ene,j,z)    energy commodity prices
3291  * EQ55(j,z)         Price of composite capital in industry j (redundant)
3292   EQ56(k,j,z)        Rental rate including taxes
3293   EQ57(k,j,z)        Rate of remuneration of capital k (capital mobile)
3294   EQ58(i,z)          Producer price is a weighted sum of PE and PL
3295  * EQ59(i,z)         Price of composite export i (redundant)
3296   EQ60(i,z,zj)       Border price of exported commodity i
3297   EQ61(i,z)          Price of local product i (including all taxes and margins)
3298   EQ62(i,zj,z)       Price of imported commodity i (including all taxes and duties)
3299  * EQ63(i,z)         Price of composite import i (redundant)
3300   EQ64(i,z)          Consumer price is a weighted sum of PD and PM
3301   EQ65(z)            Aggregate price of capital
3302   EQ66(z)            GDP deflator (Fischer index)
3303   EQ67               World GDP deflator (Fischer index)
3304   EQ68(z)            Consumer price index (Laspeyres)
3305   EQ69(z)            Investment price index (derived from investment function)
3306   EQ70(z)            Public expenditure price index
3307   EQ71(i1,z)         Domestic absorbtion
3308   EQ72(l,z)          Labor supply equals labor demand
3309   EQ73(k,z)          Capital supply equals capital demand
3310   EQ74(z)            Total investment equals total savings
3311   EQ75(z)            Depreciation
3312   EQ76(i,z)          Supply of domestic production equals demand
3313   EQ77(i,z,zj)       Exports supply equals imports demand
3314   EQ78(i,z,zj)       Exports price equals imports price
3315   EQ79(i)            World demand for margins equals world supply
3316  * EQ80              Sum of foreign savings equals zero (redundant)
3317   EQ81(z)            GDP at basic prices
3318   EQ82(z)            GDP at market prices
3319   EQ83(z)            GDP at market prices (income-based)
3320   EQ84(z)            GDP at market prices (expenditure-based)
3321   EQ85               World GDP
3322   EQ86(z)            Real consumption budget of type h households
3323   EQ87(z)            Real current government expenditures on goods and services
3324   EQ88(z)            Real GDP at basic prices
3325   EQ89               Real world GDP at basic prices
3326   EQ90(z)            Real GDP at market prices
3327   EQ91(z)            Real gross fixed capital formation
3328   EQ92(z)            Current account balance of region z in terms of the reference currency
3329   EQ93               fictitious OBJ. fuction
3330   WALRAS(z)          Walras law verification
3331  * EQB_1(i,z)        Top Nest - CES function Aggregated acitivty
3332  * EQB_2(j,i,z)      Top Nest - CES function Aggregated acitivty
3333  * EQB_3(j,i,z)      Total producer price is equal to P if there is only one product
3334  * EQB_4(j,i,z)      Basic price of industry j's production of commodity i
3335  * EQB_5(j,i,z)      Supply of exports for compsite activity
3336   EQA_1(z)           Top Nest - Leontief function Aggregated-Electricity
3337   EQA_2(Z)           Top Nest - Leontief function Aggregated-Electricity
3338   EQA_3(z)           Second Nest - CES function - Aggregated-Electricity
3339   EQA_4(power,i,z)   Second Nest - CES function - Aggregated-Electricity
3340   EQB_1(i2,z)        Industry j production of commodity i (CES)
3341   EQB_3(j,i,z)       Total producer price is equal to P if there is only one product
3342   EQB_4(j,i,z)       Basic price of industry js production of commodity i
3343   EQB_5(j,i,z)       Supply of exports for compsite activity
3344  * EQCO2I(product,j,z) direct and indirect CO2 emissions for industry
3345  * EQCO2H             direct CO2 emissions for households
3346  * EQTCO2I            total CO2  emissions
3347  * EQ94(z)           Carbon price disparity with EU
3348  * EQ_94_1(z)         Carbon price of EU
3349  ;
3350   
3351  *==============================================================================
3352  *  5.3 Equations
3353  *==============================================================================
3354  *   5.3.1 Production
3355  *==============================================================================
3356   EQ1(j3,z)..     VA(j3,z) =e= v(j3,z)*XST(j3,z);
3357   
3358   EQ1_1(j2,z)..   KLE(j2,z) =e= v2(j2,z)*XST(j2,z);
3359   
3360   EQ2(j,z)..      CI(j,z) =e= io(j,z)*XST(j,z);
3361   
3362   EQ2_1(j3,z)..   CE(j3,z) =e= io2(j3,z)*XST(j3,z);
3363   
3364   EQ3(j,z)..      VA(j,z) =e= B_VA(j,z)*{
3365                      [beta_VA(j,z)*LDC(j,z)**(-rho_VA(j,z))]$LDCO(j,z)
3366                     +[(1-beta_VA(j,z))*KDC(j,z)**(-rho_VA(j,z))]$KDCO(j,z)
3367                                                     }**(-1/rho_VA(j,z));
3368   
3369   EQ3_1(j2,z)..     KLE(j2,z) =e= B_KLE(j2,z)*{
3370                      [beta_KLE(j2,z)*VA(j2,z)**(-rho_KLE(j2,z))]$VAO(j2,z)
3371                     +[(1-beta_KLE(j2,z))*CE(j2,z)**(-rho_KLE(j2,z))]$CEO(j2,z)
3372                                                     }**(-1/rho_KLE(j2,z));
3373   
3374   EQ4(j,z)$[LDCO(j,z) and KDCO(j,z)]..
3375                   LDC(j,z) =e= {[beta_VA(j,z)/(1-beta_VA(j,z))]
3376                                *[RC(j,z)/WC(j,z)]}**sigma_VA(j,z)*KDC(j,z);
3377   
3378   EQ4_1(j2,z)$[VAO(j2,z) and CEO(j2,z)]..
3379                   VA(j2,z) =e= {[beta_KLE(j2,z)/(1-beta_KLE(j2,z))]
3380                                *[PCE(j2,z)/PVA(j2,z)]}**sigma_KLE(j2,z)*CE(j2,z);
3381   
3382   EQ5(j,z)$LDCO(j,z)..
3383                   LDC(j,z) =e= B_LD(j,z)*SUM[l$LDO(l,j,z),beta_LD(l,j,z)
3384                                  *LD(l,j,z)**(-rho_LD(j,z))]**(-1/rho_LD(j,z));
3385   
3386   EQ6(l,j,z)$LDO(l,j,z)..
3387                   LD(l,j,z) =e= [beta_LD(l,j,z)*WC(j,z)/WTI(l,j,z)]
3388                                 **sigma_LD(j,z)*B_LD(j,z)**(sigma_LD(j,z)-1)
3389                                 *LDC(j,z);
3390   
3391   EQ7(j,z)$KDCO(j,z)..
3392                   KDC(j,z) =e= B_KD(j,z)*SUM[k$KDO(k,j,z),beta_KD(k,j,z)
3393                                  *KD(k,j,z)**(-rho_KD(j,z))]**(-1/rho_KD(j,z));
3394   
3395   EQ8(k,j,z)$KDO(k,j,z)..
3396                   KD(k,j,z) =e= [beta_KD(k,j,z)*RC(j,z)/RTI(k,j,z)]
3397                                   **sigma_KD(j,z)*B_KD(j,z)**(sigma_KD(j,z)-1)
3398                                   *KDC(j,z);
3399   
3400   EQ9(nene,j,z)..   DI(nene,j,z) =e= aij(nene,j,z)*CI(j,z) ;
3401   
3402   EQ9_1(ene,j3,z)..  DE(ene,j3,z) =e= aij2(ene,j3,z)*CE(j3,z) ;
3403   
3404  * EQ9_1(ene,j,z)..  DE(ene,j,z) =e= [beta_ENER(ene,j,z)*PCE(j,z)/((1+CTAX(Z)*CO2FACTOR(ene,j,z))*P4(ene,j,z))]
3405  *                                   **sigma_ENER(j,z)*B_ENER(j,z)**(sigma_ENER(j,z)-1)
3406  *                                   *CE(j,z);
3407   
3408  *EQ9_2(ene,j2,z)..  DE(ene,j2,z) =e= [beta_ENER(ene,j2,z)*PCE(j2,z)/P4(ene,j2,z)]
3409  *                                   **sigma_ENER(j2,z)*B_ENER(j2,z)**(sigma_ENER(j2,z)-1)
3410  *                                   *CE(j2,z);
3411   
3412   EQ9_2(ene,j2,z)..  DE(ene,j2,z) =e= [beta_ENER(ene,j2,z)*PCE(j2,z)/((P4(ene,j2,z)+CTAX(Z)*CO2FACTOR(ene,j2,z)))]
3413                                     **sigma_ENER(j2,z)*B_ENER(j2,z)**(sigma_ENER(j2,z)-1)
3414                                     *CE(j2,z);
3415   
3416  * EQ9_2(ene,j2,z)..  DE(ene,j2,z) =e= [beta_ENER(ene,j2,z)*PCE(j2,z)/((1+CTAX(Z)*CO2FACTOR(ene,j2,z))*P4(ene,j2,z))]
3417  *                                   **sigma_ENER(j2,z)*B_ENER(j2,z)**(sigma_ENER(j2,z)-1)
3418  *                                   *CE(j2,z);
3419   
3420   
3421  * EQ9_3(j2,z)..      CE(j2,z) =e= B_ENER(j2,z)*SUM[ene$DEO(ene,j2,z),beta_ENER(ene,j2,z)
3422  *                                *DE(ene,j2,z)**(-rho_ENER(j2,z))]**(-1/rho_ENER(j2,z));
3423   
3424  *==============================================================================
3425  *   5.3.2 Income and savings
3426  *==============================================================================
3427  *    5.3.2.1 Households
3428  *==============================================================================
3429   EQ10(z3)..      YH(z3) =e= YHL(z3)+YHK(z3)+TCTAX(z3)+TCBAM(z3);
3430   EQ10_1(z4)..    YH(z4) =e= YHL(z4)+YHK(z4)+TCTAX(z4);
3431   EQ11(z)..       YHL(z) =e= SUM[(l,j)$LDO(l,j,z),W(l,z)*LD(l,j,z)];
3432   
3433   EQ12(z)..       YHK(z) =e= SUM[(k,j)$KDO(k,j,z),R(k,j,z)*KD(k,j,z)];
3434   
3435   EQ13(z)..       YDH(z) =e= YH(z)-TDH(z);
3436   
3437   EQ14(z)..       CTH(z) =e= YDH(z)-SH(z);
3438   
3439   EQ15(z)..       SH(z) =e= PIXCON(z)**eta*sh0(z)+sh1(z)*YDH(z);
3440   
3441  *==============================================================================
3442  *    5.3.2.2 Government
3443  *==============================================================================
3444  * EQ16(z)..       YG(z) =e= TDH(z)+TPRODN(z)+TPRCTS(z)+TCTAX(Z) ;
3445   
3446  * EQ16(z)..       YG(z) =e= TDH(z)+TPRODN(z)+TPRCTS(z) ;
3447   EQ16(z4)..      YG(z4)   =e= TDH(z4)+TPRODN(z4)+TPRCTS(z4)+TCTAX(z4) ;
3448   EQ16_1(z)..     TCTAX(z) =e= sum((ene,j), PC(ene,z)*CTAX(z)*CO2FACTOR(ene,j,z)*DE(ene,j,z));
3449  *eqTe(j)..       Te(j)   =e= sum(en,taue(en)*pq(en)*CO2coef(en)*X(en,j));
3450   EQ16_2(z3)..    YG(z3)   =e= TDH(z3)+TPRODN(z3)+TPRCTS(z3)+TCTAX(z3)+ TCBAM(z3);
3451  * EQ16_3(z3)..    TCBAM(z) =e= sum(j, CP*CO2ICO(i,zj)*IM(i,zj,z));
3452   EQ16_3(z4)..    TCBAM(z4) =e= 0;
3453   EQ16_4(z3)..    TCBAM(z3) =e= sum((i,zj), CP(zj)*CO2ICO(i,zj)*IM(i,zj,z3));
3454   
3455   EQ17(z)..       TPRODN(z) =e= TIWT(z)+TIKT(z)+TIPT(z);
3456   
3457   EQ18(z)..       TIWT(z) =e= SUM[(l,j)$LDO(l,j,z),TIW(l,j,z)];
3458   
3459   EQ19(z)..       TIKT(z) =e= SUM[(k,j)$KDO(k,j,z),TIK(k,j,z)];
3460   
3461   EQ20(z)..       TIPT(z) =e= SUM[j,TIP(j,z)];
3462   
3463   EQ21(z)..       TPRCTS(z) =e= TICT(z)+TIMT(z)+TIXT(z);
3464   
3465   EQ22(z)..       TICT(z) =e= SUM[i,TIC(i,z)];
3466   
3467   EQ23(z)..       TIMT(z) =e= SUM[(i,zj)$IMO(i,zj,z),TIM(i,zj,z)];
3468   
3469   EQ24(z)..       TIXT(z) =e= SUM[(i,zj)$EXO(i,z,zj),TIX(i,z,zj)];
3470   
3471   EQ25(z)..       TDH(z) =e= PIXCON(z)**eta*ttdh0(z)+ttdh1(z)*YH(z);
3472   
3473   EQ26(l,j,z)$LDO(l,j,z)..
3474                   TIW(l,j,z) =e= ttiw(l,j,z)*W(l,z)*LD(l,j,z);
3475   
3476   EQ27(k,j,z)$KDO(k,j,z)..
3477                   TIK(k,j,z) =e= ttik(k,j,z)*R(k,j,z)*KD(k,j,z);
3478   
3479   EQ28(j,z)..     TIP(j,z) =e= ttip(j,z)*PP(j,z)*XST(j,z);
3480   
3481   EQ29(i,z)..     TIC(i,z) =e= ttic(i,z)*{[PL(i,z)*DD(i,z)]$DDO(i,z)
3482                   +[SUM[zj$IMO(i,zj,z),(1+ttim(i,zj,z))*IM(i,zj,z)*e(z)
3483                    *(PWM(i,zj,z)+SUM(ij,PWMG(ij)*tmrg(ij,i,zj,z)))]]};
3484   
3485   EQ30(i,zj,z)$IMO(i,zj,z)..
3486                   TIM(i,zj,z) =e= ttim(i,zj,z)*IM(i,zj,z)*e(z)*(PWM(i,zj,z)
3487                                  +SUM[ij,PWMG(ij)*tmrg(ij,i,zj,z)]);
3488   
3489   EQ31(i,z,zj)$EXO(i,z,zj)..
3490                   TIX(i,z,zj) =e= ttix(i,z,zj)*PE(i,z,zj)*EX(i,z,zj);
3491   
3492   EQ32(z3)..       SG(z3) =e= YG(z3)-G(z3)-TCTAX(z3)+ TCBAM(z3);
3493   EQ32_1(z4)..     SG(z4) =e= YG(z4)-G(z4)-TCTAX(z4);
3494  *==============================================================================
3495  *    5.3.2.4 Rest of the world
3496  *==============================================================================
3497   EQ33(z)..       YROW(z) =e= e(z)*SUM{(i,zj)$IMO(i,zj,z),IM(i,zj,z)*
3498                             [PWM(i,zj,z)+SUM(ij,PWMG(ij)*tmrg(ij,i,zj,z))]};
3499   
3500   EQ34(z)..       SROW(z) =e= YROW(z)-e(z)*SUM[(i,zj)$EXO(i,z,zj),
3501                                 EX(i,z,zj)*PWX(i,z,zj)]-e(z)
3502                                 *SUM[i$MRGNO(i,z),MRGN(i,z)*PWMG(i)];
3503   
3504   EQ35(z)..       SROW(z) =e= -CAB(z);
3505   
3506  *==============================================================================
3507  *   5.3.3 Demand
3508  *==============================================================================
3509   EQ36(i,z)..     PC(i,z)*C(i,z) =e= PC(i,z)*CMIN(i,z)+gamma_LES(i,z)
3510                                   *{CTH(z)-SUM[ij,PC(ij,z)*CMIN(ij,z)]};
3511   
3512   EQ37(i,z)..     PC(i,z)*INV(i,z) =e= gamma_INV(i,z)*IT(z);
3513   
3514   EQ38(i,z)..     PC(i,z)*CG(i,z) =e= gamma_GVT(i,z)*G(z);
3515   
3516   EQ39(nene,z)..     DIT(nene,z) =e= SUM[j,DI(nene,j,z)];
3517   
3518   EQ39_1(ene,z)..   DIT(ene,z) =e= SUM[j,DE(ene,j,z)];
3519   
3520  *==============================================================================
3521  *   5.3.4 International trade
3522  *==============================================================================
       EQB_1(i,z)..    XS_I(i,z) =e= B_X3(i,z)*SUM[j$XSO(j,i,z),beta_X3(j,i,z)
                                      *XS(j,i,z)**(-rho_X3(i,z))]**(-1/rho_X3(i,z));
       
       EQB_2(j,i,z)${DSO(j,i,z) and [DSO(j,i,z) ne DSO_I(i,z)]}..
                       XS(j,i,z) =e= XS_I(i,z)/B_X3(i,z)**(1-sigma_X3(i,z))*
                                     [beta_X3(j,i,z)*PI(i,z)/P2(j,i,z)]
                                     **sigma_X3(i,z);
       
       EQB_3(j,i,z)${DSO(j,i,z)}..   P2(j,i,z) =e= PT(j,z);
       
       EQB_4(j,i,z)$DSO(j,i,z)..
                       P2(j,i,z)*XS(j,i,z) =e= [PET(i,z)*EXTT(j,i,z)]$EXTTO(j,i,z)
                                              +[e(z)*MRGN(i,z)*PWMG(i)]$MRGNO(i,z)
                                              +[PL(i,z)*DS(j,i,z)]$DSO(j,i,z);
       
       EQB_5(j,i,z)$DSO(j,i,z)..  EXTT(j,i,z)  =e= theta2(j,i,z)*EXT(i,z);
3541   
3542  *[Top Nest - Leontief function]
3543   EQA_1(z)..  XS('18_TnD','18_ELEC',z) =e= TnDShare(z)*XS_I('18_ELEC',z);
3544   EQA_2(z)..  XS_I('18_ELEC',z) =e= XS('18_TnD','18_ELEC',z) + POWERQ(z);
3545   
3546   
3547  *[Second Nest - CES function]
3548   EQA_3(z)..    POWERQ(z) =e= B_X4(z)*SUM[POWER, beta_X4(power,z)
3549                                  *XS(POWER,'18_ELEC',z)**(-rho_X4(z))]**(-1/rho_X4(z));
3550   
3551   EQA_4(power,'18_ELEC',z)..  XS(POWER,'18_ELEC',z) =e= POWERQ(z)/B_X4(z)**(1-sigma_X4(z))*
3552                                 [beta_X4(power,z)*PPOWER(z)/P2(POWER,'18_ELEC',z)]
3553                                 **sigma_X4(z);
3554   
3555  * exclude electiricity
3556   EQB_1(i2,z)..    XS_I(i2,z) =e= B_X3(i2,z)*SUM[j$XSO(j,i2,z),beta_X3(j,i2,z)
3557                                  *XS(j,i2,z)**(-rho_X3(i2,z))]**(-1/rho_X3(i2,z));
3558   
3559   
3560   EQB_3(j,i,z)${DSO(j,i,z)}..   P2(j,i,z) =e= PT(j,z);
3561   
3562   EQB_4(j,i,z)$DSO(j,i,z)..
3563                   P2(j,i,z)*XS(j,i,z) =e= [PET(i,z)*EXTT(j,i,z)]$EXTTO(j,i,z)
3564                                          +[e(z)*MRGN(i,z)*PWMG(i)]$MRGNO(i,z)
3565                                          +[PL(i,z)*DS(j,i,z)]$DSO(j,i,z);
3566   
3567   EQB_5(j,i,z)$DSO(j,i,z)..  EXTT(j,i,z)  =e= theta2(j,i,z)*EXT(i,z);
3568   
3569   EQ40_3(i,z)..   DS_I(i,z) =e= sum(j,DS(j,i,z)$DSO(j,i,z));
3570   
3571   EQ40_4(j,z)..   XST(j,z)  =e= sum(i,XS(j,i,z)$XSO(j,i,z));
3572   
3573   EQ40_5(i,z)..   XS_I(i,z) =e= B_X1(i,z)*{
3574                   [beta_EX_X1(i,z)*EXT(i,z)**rho_X1(i,z)]$EXTO(i,z)
3575                  +[beta_D_X1(i,z)*DS_I(i,z)**rho_X1(i,z)]$DSO_I(i,z)
3576                  +[(1-beta_EX_X1(i,z)-beta_D_X1(i,z))*MRGN(i,z)**rho_X1(i,z)]$MRGNO(i,z)
3577                                            }**(1/rho_X1(i,z));
3578   
3579   EQ41(i,z)$[EXTO(i,z) and DSO_I(i,z)]..
3580                   EXT(i,z) =e= {[beta_D_X1(i,z)/beta_EX_X1(i,z)]*[PET(i,z)/PL(i,z)]}
3581                                **sigma_X1(i,z)*DS_I(i,z);
3582   
3583   EQ42(i,z)$[MRGNO(i,z) and DSO_I(i,z)]..
3584                   MRGN(i,z) =e= {[beta_D_X1(i,z)/(1-beta_EX_X1(i,z)
3585                                   -beta_D_X1(i,z))]*[e(z)*PWMG(i)/PL(i,z)]}
3586                                   **sigma_X1(i,z)*DS_I(i,z);
3587   
3588   EQ43(i,z)$EXTO(i,z)..
3589                   EXT(i,z) =e= B_X2(i,z)*SUM[zj$EXO(i,z,zj),beta_X2(i,z,zj)
3590                                  *EX(i,z,zj)**rho_X2(i,z)]**(1/rho_X2(i,z));
3591   
3592   EQ44(i,z,zj)$EXO(i,z,zj)..
3593                   EX(i,z,zj) =e= EXT(i,z)/B_X2(i,z)**(1+sigma_X2(i,z))*
3594                                    [PE(i,z,zj)/(beta_X2(i,z,zj)*PET(i,z))]
3595                                    **sigma_X2(i,z);
3596   
3597   EQ45(i,z)..     Q(i,z) =e= B_M1(i,z)*{
3598                      [beta_M1(i,z)*IMT(i,z)**(-rho_M1(i,z))]$IMTO(i,z)
3599                     +[(1-beta_M1(i,z))*DD(i,z)**(-rho_M1(i,z))]$DDO(i,z)
3600                                          }**(-1/rho_M1(i,z));
3601   
3602   EQ46(i,z)$[IMTO(i,z) and DDO(i,z)]..
3603                   IMT(i,z) =e= {[beta_M1(i,z)/(1-beta_M1(i,z))]*[PD(i,z)
3604                                  /PMT(i,z)]}**sigma_m1(i,z)*DD(i,z);
3605   
3606   EQ47(i,z)$IMTO(i,z)..
3607                   IMT(i,z) =e= B_M2(i,z)*SUM[zj$IMO(i,zj,z),beta_M2(i,zj,z)*
3608                                  IM(i,zj,z)**(-rho_M2(i,z))]**(-1/rho_M2(i,z));
3609   
3610   EQ48(i,zj,z)$IMO(i,zj,z)..
3611                   IM(i,zj,z) =e= IMT(i,z)/B_M2(i,z)**(1-sigma_M2(i,z))*
3612                                    [beta_M2(i,zj,z)*PMT(i,z)/PM(i,zj,z)]
3613                                    **sigma_M2(i,z);
3614   
3615  *==============================================================================
3616  *   5.3.5 Prices
3617  *==============================================================================
3618   EQ49(j2,z)..    PP(j2,z)*XST(j2,z) =e= PKLE(j2,z)*KLE(j2,z)+PCI(j2,z)*CI(j2,z);
3619   
3620   EQ49_1(j3,z)..  PP(j3,z)*XST(j3,z) =e= PVA(j3,z)*VA(j3,z)+PCI(j3,z)*CI(j3,z)+PCE(j3,z)*CE(j3,z);
3621   
3622   EQ50(j,z)..     PT(j,z) =e= (1+ttip(j,z))*PP(j,z);
3623   
3624   EQ51(j,z)..     PCI(j,z)*CI(j,z) =e= SUM[nene,PC(nene,z)*DI(nene,j,z)];
3625   
3626   EQ51_1(j,z)..   PCE(j,z)*CE(j,z) =e= SUM[ene,PC(ene,z)*DE(ene,j,z) + PC(ene,z)*CTAX(Z)*CO2FACTOR(ene,j,z)*DE(ene,j,z)];
3627   
3628  *EQ51_1(j,z)..   PCE(j,z)*CE(j,z) =e= SUM[ene,P4(ene,j,z)*DE(ene,j,z)];
3629   
3630   EQ52(j,z)..     PVA(j,z)*VA(j,z) =e= [WC(j,z)*LDC(j,z)]$LDCO(j,z)
3631                                       +[RC(j,z)*KDC(j,z)]$KDCO(j,z);
3632   
3633   EQ52_1(j2,z)..   PKLE(j2,z)*KLE(j2,z) =e= [PVA(j2,z)*VA(j2,z)]$VAO(j2,z) + [PCE(j2,z)*CE(j2,z)]$CEO(j2,z);
3634   
3635  * Given equations 5 and 6, equation 53 is redundant
3636  * EQ53(j,z)..     WC(j,z)*LDC(j,z) =e= SUM[l$LDO(l,j,z),WTI(l,j,z)*LD(l,j,z)];
3637   
3638   EQ54(l,j,z)$LDO(l,j,z)..
3639                   WTI(l,j,z) =e= W(l,z)*(1+ttiw(l,j,z));
3640   
3641   EQ54_1(ene,j,z)$DEO(ene,j,z)..
3642                   P4(ene,j,z) =e= PC(ene,z);
3643   
3644  * Given equations 7 and 8, equation 55 is redundant
3645  * EQ55(j,z)$(kmob and KDCO(j,z))..
3646  *                 RC(j,z)*KDC(j,z) =e= SUM[k$KDO(k,j,z),RTI(k,j,z)*KD(k,j,z)];
3647   
3648   EQ56(k,j,z)$KDO(k,j,z)..
3649                   RTI(k,j,z) =e= R(k,j,z)*(1+ttik(k,j,z));
3650   
3651   EQ57(k,j,z)$(kmob and KDO(k,j,z))..
3652                   R(k,j,z) =e= RK(k,z);
3653   
3654  * EQ58(j,z)..     P(j,z)*XST(j,z) =e= [PL(j,z)*DS(j,z)]$DSO(j,z)
3655  *                                   +[PET(j,z)*EXT(j,z)]$EXTO(j,z)
3656  *                                   +[e(z)*PWMG(j)*MRGN(j,z)]$MRGNO(j,z);
3657   
3658   EQ58(i,z)..     P(i,z)*XS_I(i,z) =e= [PL(i,z)*DS_I(i,z)]$DSO_I(i,z)
3659                                       +[PET(i,z)*EXT(i,z)]$EXTO(i,z)
3660                                       +[e(z)*PWMG(i)*MRGN(i,z)]$MRGNO(i,z);
3661   
3662  * Given equations 43 and 44, equation 59 is redundant
3663  * EQ59(i,z)$EXTO(i,z)..
3664  *                 PET(i,z)*EXT(i,z) =e= SUM[zj$EXO(i,z,zj),
3665  *                                           PE(i,z,zj)*EX(i,z,zj);
3666   
3667   EQ60(i,z,zj)$EXO(i,z,zj)..
3668                   PE(i,z,zj)*(1+ttix(i,z,zj)) =e= e(z)*PWX(i,z,zj);
3669   
3670   EQ61(i,z)$DDO(i,z)..
3671                   PD(i,z) =e= (1+ttic(i,z))*PL(i,z);
3672   
3673   EQ62(i,zj,z)$IMO(i,zj,z)..
3674                   PM(i,zj,z) =e= (1+ttic(i,z))*(1+ttim(i,zj,z))*(1+CP(zj)*CO2ICO(i,zj))*e(z)*
3675                                    (PWM(i,zj,z)+SUM[ij,PWMG(ij)
3676                                    *tmrg(ij,i,zj,z)]);
3677   
3678  * Given equations 47 and 48, equation 63 is redundant
3679  * EQ63(i,z)$IMTO(i,z)..
3680  *                 PMT(i,z)*IMT(i,z) =e= SUM[zj$IMO(i,zj,z),
3681  *                                           PM(i,zj,z)*IM(i,zj,z);
3682   
3683   EQ64(i,z)..     PC(i,z)*Q(i,z) =e= [PD(i,z)*DD(i,z)]$DDO(i,z)+
3684                                      [PMT(i,z)*IMT(i,z)]$IMTO(i,z);
3685   
3686   EQ65(z)..       PK(z) =e= 1/A_K(z)*PROD[i$gamma_INV(i,z),(PC(i,z)
3687                                 /gamma_INV(i,z))**gamma_INV(i,z)];
3688   
3689   EQ66(z)..       PIXGDP(z) =e=
3690                   {SUM[j,{(PVA(j,z)*VA(j,z)+TIP(j,z))/VA(j,z)}*VAO(j,z)]
3691                   /SUM[j,{(PVAO(j,z)*VAO(j,z)+TIPO(j,z))/VAO(j,z)}*VAO(j,z)]
3692                   *SUM[j,{(PVA(j,z)*VA(j,z)+TIP(j,z))/VA(j,z)}*VA(j,z)]
3693                   /SUM[j,{(PVAO(j,z)*VAO(j,z)+TIPO(j,z))/VAO(j,z)}*VA(j,z)]}**0.5;
3694   
3695   EQ67..          PIXGDP_W =e=
3696                   {SUM[(j,z),{(PVA(j,z)*VA(j,z)+TIP(j,z))/VA(j,z)}*VAO(j,z)/e(z)]
3697                   /SUM[(j,z),{(PVAO(j,z)*VAO(j,z)+TIPO(j,z))/VAO(j,z)}*VAO(j,z)/eO(z)]
3698                   *SUM[(j,z),{(PVA(j,z)*VA(j,z)+TIP(j,z))/VA(j,z)}*VA(j,z)/e(z)]
3699                   /SUM[(j,z),{(PVAO(j,z)*VAO(j,z)+TIPO(j,z))/VAO(j,z)}*VA(j,z)/eO(z)]}**0.5;
3700   
3701   EQ68(z)..       PIXCON(z) =e= SUM[i,PC(i,z)*CO(i,z)]/SUM[i,PCO(i,z)*CO(i,z)];
3702   
3703   EQ69(z)..       PIXINV(z) =e= PROD[i$gamma_INV(i,z),(PC(i,z)/PCO(i,z))
3704                                   **gamma_INV(i,z)];
3705   
3706   EQ70(z)..       PIXGVT(z) =e= PROD[i$gamma_GVT(i,z),(PC(i,z)/PCO(i,z))
3707                                   **gamma_GVT(i,z)];
3708   
3709  *==============================================================================
3710  *   5.3.6 Equilibrium
3711  *==============================================================================
3712   EQ71(i1,z)..    Q(i1,z) =e= C(i1,z)+CG(i1,z)+INV(i1,z)+DIT(i1,z);
3713   
3714   EQ72(l,z)..     LS(l,z) =e= SUM[j$LDO(l,j,z),LD(l,j,z)];
3715   
3716   EQ73(k,z)$KSO(k,z)..
3717                   KS(k,z) =e= SUM[j$KDO(k,j,z),KD(k,j,z)];
3718   
3719   EQ74(z)..       IT(z) =e= SH(z)+SG(z)-CAB(z);
3720   
3721   EQ75(z)..       DEP(z) =e= PK(z)*delta(z)*SUM[k$KSO(k,z),KS(k,z)];
3722   
3723   EQ76(i,z)$DDO(i,z)..
3724                   SUM[j$DSO(j,i,z),DS(j,i,z)] =e= DD(i,z);
3725   
3726   EQ77(i,z,zj)$EXO(i,z,zj)..
3727                   EX(i,z,zj) =e= IM(i,z,zj);
3728   
3729   EQ78(i,z,zj)$EXO(i,z,zj)..
3730                   PWX(i,z,zj) =e= PWM(i,z,zj);
3731   
3732   EQ79(i)..       SUM[z$MRGNO(i,z),MRGN(i,z)] =e= SUM[(z,zj,ij)$IMO(ij,zj,z),
3733                                                   tmrg(i,ij,zj,z)*IM(ij,zj,z)];
3734   
3735  * Given equations 33, 34 and 77, equation 80 is redundant
3736  * EQ80..          SUM[z,SROW(z)/e(z)] =e= 0;
3737   
3738  *==============================================================================
3739  *   5.3.7 Gross domestic product
3740  *==============================================================================
3741   EQ81(z)..       GDP_BP(z) =e= SUM[j,PVA(j,z)*VA(j,z)]+TIPT(z);
3742   
3743   EQ82(z)..       GDP_MP(z) =e= GDP_BP(z)+TPRCTS(z);
3744   
3745   EQ83(z)..       GDP_IB(z) =e= SUM[(l,j)$LDO(l,j,z),W(l,z)*LD(l,j,z)]
3746                                +SUM[(k,j)$KDO(k,j,z),R(k,j,z)*KD(k,j,z)]
3747                                +TPRCTS(z)+TPRODN(z);
3748   
3749   EQ84(z)..       GDP_FD(z) =e=
3750                   SUM[i,PC(i,z)*(C(i,z)+CG(i,z)+INV(i,z))]
3751                  +SUM[(i,zj)$EXO(i,z,zj),e(z)*PWX(i,z,zj)*EX(i,z,zj)]
3752                  +SUM[i$MRGNO(i,z),e(z)*PWMG(i)*MRGN(i,z)]
3753                  -SUM[(i,zj)$IMO(i,zj,z),e(z)*IM(i,zj,z)
3754                      *(PWM(i,zj,z)+SUM[ij,PWMG(ij)*tmrg(ij,i,zj,z)])]-TCTAX(z)-TCBAM(z);
3755   
3756   EQ85..          GDP_BP_W =e= SUM[z,GDP_BP(z)/e(z)];
3757   
3758  *==============================================================================
3759  *  5.3.8 Real (volume) variables computed from price indices
3760  *==============================================================================
3761   EQ86(z)..       CTH_REAL(z) =e= CTH(z)/PIXCON(z);
3762   
3763   EQ87(z)..       G_REAL(z) =e= G(z)/PIXGVT(z);
3764   
3765   EQ88(z)..       GDP_BP_REAL(z) =e= GDP_BP(z)/PIXGDP(z);
3766   
3767   EQ89..          GDP_BP_W_REAL =e= GDP_BP_W/PIXGDP_W;
3768   
3769   EQ90(z)..       GDP_MP_REAL(z) =e= GDP_MP(z)/PIXCON(z);
3770   
3771   EQ91(z)..       IT_REAL(z) =e= IT(z)/PIXINV(z);
3772   
3773   EQ92(z)..       CABX(z) =e= CAB(z)/[PIXGDP_W*e(z)];
3774   
3775  *==============================================================================
3776  *   5.3.9 Other
3777  *==============================================================================
3778   WALRAS(z)..     LEON(z) =e= Q('01_AGRICULT',z)-C('01_AGRICULT',z)-CG('01_AGRICULT',z)-INV('01_AGRICULT',z)
3779                              -DIT('01_AGRICULT',z);
3780   
3781  * EQ93..          OBJ   =e= sum(z, prod(i,PC(i,z)**0.5));
3782   
3783   EQ93..          OBJ    =e= 1;
3784  * EQ94(z)..       CP(z) =e= CTAXEU(z) - CTAX(z);
3785  * EQ_94_1(z)..    CTAXEU(z) =e= CTAX('09_WEU');
3786   
3787  *==============================================================================
3788  * 6 Numerical resolution
3789  *==============================================================================
3790  *  6.1 Variable initialisation
3791  *==============================================================================
3792  *   6.1.1 Volume variables
3793  *==============================================================================
3794   CABX.L(z)        = CABXO(z);
3795   C.L(i,z)         = CO(i,z);
3796   CG.L(i,z)        = CGO(i,z);
3797   CI.L(j,z)        = CIO(j,z);
3798   CE.L(j,z)        = CEO(j,z);
3799   CMIN.L(i,z)      = CMINO(i,z);
3800   CTH_REAL.L(z)    = CTH_REALO(z);
3801   DI.L(nene,j,z)   = DIO(nene,j,z);
3802   DE.L(ene,j,z)    = DEO(ene,j,z);
3803   DIT.L(i,z)       = DITO(i,z);
3804   DD.L(i,z)        = DDO(i,z);
3805   DS.L(j,i,z)      = DSO(j,i,z);
3806   DS_I.L(i,z)      = DSO_I(i,z);
3807   DS.L(j,i,z)      = DSO(j,i,z);
3808   EX.L(i,z,zj)     = EXO(i,z,zj);
3809   EXT.L(i,z)       = EXTO(i,z);
3810   EXTT.L(j,i,z)    = EXTTO(j,i,z);
3811   G_REAL.L(z)      = G_REALO(z);
3812   GDP_BP_REAL.l(z) = GDP_BP_REALO(z);
3813   GDP_MP_REAL.l(z) = GDP_MP_REALO(z);
3814   GDP_BP_W_REAL.l  = GDP_BP_W_REALO;
3815   IM.L(i,zj,z)     = IMO(i,zj,z);
3816   IMT.L(i,z)       = IMTO(i,z);
3817   INV.L(i,z)       = INVO(i,z);
3818   IT_REAL.l(z)     = IT_REALO(z);
3819   KD.L(k,j,z)      = KDO(k,j,z);
3820   KDC.L(j,z)       = KDCO(j,z);
3821   KS.L(k,z)        = KSO(k,z);
3822   LD.L(l,j,z)      = LDO(l,j,z);
3823   LDC.L(j,z)       = LDCO(j,z);
3824   LS.L(l,z)        = LSO(l,z);
3825   MRGN.L(i,z)      = MRGNO(i,z);
3826   Q.L(i,z)         = QO(i,z);
3827   VA.L(j,z)        = VAO(j,z);
3828   KLE.L(j,z)       = KLEO(j,z);
3829   XS.L(j,i,z)      = XSO(j,i,z);
3830   XS_I.L(i,z)      = XSO_I(i,z);
3831   XST.L(j,z)       = XSTO(j,z);
3832   POWERQ.L(z)      = POWERQO(z);
3833   EE.L(product,j,z) = EEO(product,j,z);
3834   NE.L(product,j,z) = NEO(product,j,z);
3835   EH.L(product,z)   = EHO(product,z);
3836   CO2I.L(product,j,z) = CO2IO(product,j,z);
3837   CO2H.L(product,z)   = CO2HO(product,z);
3838  * CH4I.L(product,j,z) = CH4IO(product,j,z);
3839  * CH4H.L(product,z)   = CH4HO(product,z);
3840  * N2OI.L(product,j,z) = N2OIO(product,j,z);
3841  * N2OH.L(product,z)   = N2OHO(product,z);
3842   
3843  *==============================================================================
3844  *   6.1.2 Price variables
3845  *==============================================================================
3846   e.L(z)           = eO(z);
3847   P.L(i,z)         = PO(i,z);
3848   P2.L(j,i,z)      = PO2(j,i,z);
3849   P4.L(ene,j,z)    = PO4(ene,j,z);
3850   PPOWER.L(z)      = PPOWERO(z);
3851   PI.l(i,z)        = PO(i,z);
3852   PT.L(j,z)        = PTO(j,z);
3853   PP.L(j,z)        = PPO(j,z);
3854   PC.L(i,z)        = PCO(i,z);
3855   PCI.L(j,z)       = PCIO(j,z);
3856   PCE.L(j,z)       = PCEO(j,z);
3857   PD.L(i,z)        = PDO(i,z);
3858   PE.L(i,z,zj)     = PEO(i,z,zj);
3859   PET.L(i,z)       = PETO(i,z);
3860   PIXCON.L(z)      = PIXCONO(z);
3861   PIXGDP.L(z)      = PIXGDPO(z);
3862   PIXGDP_W.L       = PIXGDP_WO;
3863   PIXGVT.L(z)      = PIXGVTO(z);
3864   PIXINV.L(z)      = PIXINVO(z);
3865   PK.L(z)          = PKO(z);
3866   PL.L(i,z)        = PLO(i,z);
3867   PM.L(i,zj,z)     = PMO(i,zj,z);
3868   PMT.L(i,z)       = PMTO(i,z);
3869   PP.L(j,z)        = PPO(j,z);
3870   PVA.L(j,Z)       = PVAO(j,Z);
3871   PKLE.L(j,Z)      = PKLEO(j,Z);
3872   PWM.L(i,zj,z)    = PWMO(i,zj,z);
3873   PWMG.L(i)        = PWMGO(i);
3874   PWX.L(i,z,zj)    = PWXO(i,z,zj);
3875   R.L(k,j,z)       = RO(k,j,z);
3876   RC.L(j,z)        = RCO(j,z);
3877   RK.L(k,z)        = RKO(k,z);
3878   RTI.L(k,j,z)     = RTIO(k,j,z);
3879   W.L(l,z)         = WO(l,z);
3880   WC.L(j,z)        = WCO(j,z);
3881   WTI.L(l,j,z)     = WTIO(l,j,z);
3882   
3883  *==============================================================================
3884  *   6.1.3 Nominal (value) variables
3885  *==============================================================================
3886   CAB.L(z)         = CABO(z);
3887   CTH.L(z)         = CTHO(z);
3888   DEP.L(z)         = DEPO(z);
3889   G.L(z)           = GO(z);
3890   GDP_BP.L(z)      = GDP_BPO(z);
3891   GDP_BP_W.L       = SUM[z,GDP_BPO(z)];
3892   GDP_FD.L(z)      = GDP_FDO(z);
3893   GDP_IB.L(z)      = GDP_IBO(z);
3894   GDP_MP.L(z)      = GDP_MPO(z);
3895   IT.L(z)          = ITO(z);
3896   SG.L(z)          = SGO(z);
3897   SH.L(z)          = SHO(z);
3898   SROW.L(z)        = SROWO(z);
3899   TCTAX.L(Z)       = TCTAX0(Z);
3900   TDH.L(z)         = TDHO(z);
3901   TIC.L(i,z)       = TICO(i,z);
3902   TICT.L(z)        = TICTO(z);
3903   TIK.L(k,j,z)     = TIKO(k,j,z);
3904   TIKT.L(z)        = TIKTO(z);
3905   TIM.L(i,zj,z)    = TIMO(i,zj,z);
3906   TIMT.L(z)        = TIMTO(z);
3907   TIP.L(j,z)       = TIPO(j,z);
3908   TIPT.L(z)        = TIPTO(z);
3909   TIW.L(l,j,z)     = TIWO(l,j,z);
3910   TIWT.L(z)        = TIWTO(z);
3911   TIX.L(i,z,zj)    = TIXO(i,z,zj);
3912   TIXT.L(z)        = TIXTO(z);
3913   TPRODN.l(z)      = TPRODNO(z);
3914   TPRCTS.l(z)      = TPRCTSO(z);
3915   YDH.L(z)         = YDHO(z);
3916   YG.L(z)          = YGO(z);
3917   YH.L(z)          = YHO(z);
3918   YHK.L(z)         = YHKO(z);
3919   YHL.L(z)         = YHLO(z);
3920   YROW.L(z)        = YROWO(z);
3921   CP.L(z)          = CP0(z);
3922  *==============================================================================
3923  * Objective Variable
3924  *==============================================================================
3925   OBJ.L  = 1 ;
3926   
3927  *==============================================================================
3928  *   6.1.4 Lower bounds on some variables
3929  *==============================================================================
3930  *$ontext
3931   LD.LO(l,j,z)   = 0.000001*LD.l(l,j,z);
3932   LDC.LO(j,z)    = 0.000001*LDC.l(j,z);
3933   KD.LO(k,j,z)   = 0.000001*KD.l(k,j,z);
3934   KDC.LO(j,z)    = 0.000001*KDC.l(j,z);
3935   
3936   KLE.LO(j,z)    = 0.000001*KLE.l(j,z);
3937   CE.LO(j,z)     = 0.000001*CE.l(j,z);
3938   
3939   WTI.LO(l,j,z)  = 0.000001*WTI.l(l,j,z);
3940   WC.LO(j,z)     = 0.000001*WC.l(j,z);
3941   RC.LO(j,z)     = 0.000001*RC.l(j,z);
3942   R.LO(k,j,z)    = 0.000001*R.l(k,j,z);
3943   RTI.LO(k,j,z)  = 0.000001*RTI.l(k,j,z);
3944   DS_I.LO(i,z)   = 0.000001*DS_I.l(i,z);
3945   EXT.LO(i,z)    = 0.000001*EXT.l(i,z);
3946   EX.LO(i,z,zj)  = 0.000001*EX.l(i,z,zj);
3947   IM.LO(i,zj,z)  = 0.000001*IM.l(i,zj,z);
3948   IMT.LO(i,z)    = 0.000001*IMT.l(i,z);
3949   
3950   VA.LO(j,z)     = 0.000001*VA.L(j,z);
3951   XS.LO(j,i,z)   = 0.000001*XS.L(j,i,z);
3952   XS_I.LO(i,z)   = 0.000001*XS_I.L(i,z);
3953   XST.LO(j,z)    = 0.000001*XST.L(j,z);
3954   
3955   PE.LO(i,z,zj)  = 0.000001*PE.L(i,z,zj);
3956   PET.LO(i,z)    = 0.000001*PET.L(i,z);
3957   PK.LO(z)       = 0.000001*PK.L(z);
3958   PL.LO(i,z)     = 0.000001*PL.L(i,z);
3959   PM.LO(i,zj,z)  = 0.000001*PM.L(i,zj,z);
3960   PMT.LO(i,z)    = 0.000001*PMT.L(i,z);
3961   PP.LO(j,z)     = 0.000001*PP.L(j,z);
3962   PVA.LO(j,z)    = 0.000001*PVA.L(j,z);
3963   PWM.LO(i,zj,z) = 0.000001*PWM.L(i,zj,z);
3964   PWMG.LO(i)     = 0.000001*PWMG.L(i);
3965   PWX.LO(i,z,zj) = 0.000001*PWX.L(i,z,zj);
3966   PCE.LO(j,z)    = 0.000001*PCE.l(j,z);
3967  *$offtext
3968   
3969  *==============================================================================
3970  *  6.2 Choice of mobile or sector-specific capital
3971  *==============================================================================
3972  *  If kmob=1, capital is mobile, if kmob=0, it is sector-specific
3973  * kmob             = 0;
3974   kmob             = 1;
3975  *자본이동은 장기적으로 발생
3976   KD.fx(k,j,z)$(kmob eq 0)
3977                    = KDO(k,j,z);
3978   
3979   KS.fx(k,z)$kmob  = KSO(k,z);
3980   
3981  *==============================================================================
3982  *  6.3 Closures
3983  *==============================================================================
3984  *  6.3.1 Choice between closures FE and FP
3985  *==============================================================================
      * CLOSURE FE : fixed exchange rates; numeraire is PIXGDP of reference region
       PIXGDP.FX(zr)   = PIXGDPO(zr);
       e.FX(z)         = eO(z);
3991   
3992  *$ontext
3993  * CLOSURE FP : fixed PIXGDPs; numeraire is exchange rate of reference region
3994  * The exchange rates are endogenous, except for the reference region.
3995   e.FX(zr)        = eO(zr);
3996   PIXGDP.FX(z)    = PIXGDPO(z);
3997  *$offtext
3998   
3999  *==============================================================================
4000  *  6.3.2 Other closure rules
4001  *==============================================================================
4002   CMIN.FX(i,z)     = CMINO(i,z);
4003   CABX.FX(z1)      = CABXO(z1);
4004   LS.FX(l,z)       = LSO(l,z);
4005   G_REAL.FX(z)     = G_REALO(z);
4006   sh0.FX(z)        = sh0O(z);
4007   sh1.FX(z)        = sh1O(z);
4008   ttdh0.FX(z)      = ttdh0O(z);
4009   ttdh1.FX(z)      = ttdh1O(z);
4010   ttic.FX(i,z)     = tticO(i,z);
4011   ttik.FX(k,j,z)   = ttikO(k,j,z);
4012   ttim.FX(i,zj,z)  = ttimO(i,zj,z);
4013   ttip.FX(j,z)     = ttipO(j,z);
4014   ttiw.FX(l,j,z)   = ttiwO(l,j,z);
4015   ttix.FX(i,z,zj)  = ttixO(i,z,zj);
4016   CTAX.FX(z)       = CTAX0(Z);
4017   
4018  *==============================================================================
4019  *  6.4 Simulation
4020  *==============================================================================
4021  *ttim.FX(ene,zj,z2) = ttimO(ENE,zj,z2)*10;
4022  *ttim.FX(i,zj,z) = ttimO(i,zj,z)*0.8;
4023  *ttic.FX('18_ELEC','01_KOR') = tticO('18_ELEC','01_KOR')*1.1;
4024  *ttic.FX('18_ELEC',z) = tticO('18_ELEC',z)*5;
4025  *ttic.FX('18_ELEC','15_SAS') = tticO('18_ELEC','15_SAS')*(-1*5);
4026  *ttic.FX('15_MACHINE','01_KOR') = tticO('15_MACHINE','01_KOR')*1.5;
4027   
4028  *CTAX.FX('01_KOR') = 0.9;
4029  *CTAX.FX('01_KOR') = 5;
4030  *(100$/ton)
4031   
4032  *Unit 100$/ton
4033   
4034  *==============================================================================
4035  *  6.5 Solver optoins
4036  *==============================================================================
4037  *This option specifies the maximum number of allowable solver iterations, before the solver terminates the run.
4038  *option cns = Snopt;
4039  *option cns = Ipopt;
4040  *option NLP = Ipopt;
4041   
4042  *option cns = path;
4043  *option cns = conopt4;
4044  *option NLP = conopt4;
4045  *option NLP = minos;
4046  option NLP = pathnlp ;
4047   
4048  *option limrow=0, limcol=0, solprint = off;
4049  *option iterlim = 100;
4050   
4051  *option iterlim = 0;
4052  *option iterlim = 100;
4053  MODEL PEPW1 World wide static model /all/ ;
4054  PEPW1.holdfixed=1;
4055  PEPW1.TOLINFREP = 0.0001;
4056  *SOLVE PEPW1 USING CNS;
4057  *SOLVE PEPW1 USING MCP;
4058   
4059  SOLVE PEPW1 USING nlp MAXIMIZING OBJ;
****                                      $257
**** LINE   2732 INPUT       C:\Users\kimc0\GUIDE_GLOBAL_CGE\1.Static_CGE\Output_w-1\Model_PEP-w-1_v4.0_GTAP11_240325.gms
**** 257  Solve statement not checked because of previous errors
4060   
4061  *$exit
4062  *==============================================================================
4063  * numeraire shock
4064  *==============================================================================
      Parameter numeraire;
      * In the default specification, the numeraire is equal to the
      * reference region's GDP deflator:
      * numeraire = SUM[zr,PIXGDPO(zr)];
      * In the preceding expression, the sum is taken over the set zr,
      * which contains a single element.
       
      * Next, assign the numeraire any desired value.
      * For example
      numeraire = 1.2*SUM[zr,PIXGDPO(zr)];
      * Then apply the closure rules
      PIXGDP.FX(zr) = numeraire;
      e.FX(z) = numeraire*eO(z);
       
      SOLVE PEPW1 USING CNS;
       
4083  *==============================================================================
4084  * ctax shock
4085  *==============================================================================
4086  CP.fx(z) = 0;
4087  CTAX.fX(z)=0;
4088   
4089  *loop(sim,
4090  *    if(ord(sim) = 1,
4091  *        CTAX.FX(z) = 0;
4092  *    else
4093  *        CTAX.FX('01_KOR') = 0.1 * ord(sim) - 0.1;
4094  *        CTAX.FX('02_CHN') = 0.1 * ord(sim) - 0.15;
4095  *        CTAX.FX('03_JPN') = 0.1 * ord(sim) - 0.1;
4096  *        CTAX.FX('04_RUS') = 0.1 * ord(sim) - 0.15;
4097  *        CTAX.FX('07_NAM') = 0.1 * ord(sim) - 0.1;
4098  *        CTAX.FX('08_LAM') = 0.1 * ord(sim) - 0.1;
4099  *        CTAX.FX('09_WEU') = 0.1 * ord(sim) + 0.3;
4100  *        CTAX.FX('10_EEU') = 0.1 * ord(sim) + 0.3;
4101  *        CTAX.FX('11_FSU') = 0.1 * ord(sim) - 0.1;
4102  *        CTAX.FX('12_MEA') = 0.1 * ord(sim) - 0.15;
4103  *        CTAX.FX('15_SAS') = 0.1 * ord(sim) - 0.15;
4104  *        CTAX.FX('16_PAS') = 0.1 * ord(sim) - 0.1;
4105  *        CTAX.FX('17_PAO') = 0.1 * ord(sim) - 0.1;
4106   
4107  *    )
4108  *Unit: 100$/ton
4109  *ttic.fx(i,'01_KOR')= 0 + 0.01*[ord(sim)]-0.01 ;
4110  *ttim.FX(i,zj,z)  = ttimO(i,zj,z);
4111  *ttim.FX(ene,zj,'01_KOR') =   ttimO(ene,zj,'01_KOR')*10*[ord(sim)] ;
4112   
4113  ****base****
4114  *loop(sim,
4115  *    if(ord(sim) = 1,
4116  *       CTAX.FX(z) = 0;
4117  *   else
4118  *       CTAX.FX('01_KOR') = 0.1;
4119  *       CTAX.FX('02_CHN') = 0.05;
4120  *       CTAX.FX('03_JPN') = 0.1;
4121  *       CTAX.FX('04_RUS') = 0.05;
4122  *       CTAX.FX('07_NAM') = 0.1;
4123  *        CTAX.FX('08_LAM') = 0.1;
4124  *        CTAX.FX('09_WEU') = 0.1 * ord(sim) + 0.3;
4125  *        CTAX.FX('10_EEU') = 0.1 * ord(sim) + 0.3;
4126  *        CTAX.FX('11_FSU') = 0.1;
4127  *        CTAX.FX('12_MEA') = 0.05;
4128  *        CTAX.FX('15_SAS') = 0.05;
4129  *        CTAX.FX('16_PAS') = 0.1;
4130  *        CTAX.FX('17_PAO') = 0.1;
4131   
4132  *    )
4133   
      ****cbam50****
      CTAX.FX('01_KOR') = 0.1;
      CTAX.FX('02_CHN') = 0.05;
      CTAX.FX('03_JPN') = 0.1;
      CTAX.FX('04_RUS') = 0.05;
      CTAX.FX('07_NAM') = 0.1;
      CTAX.FX('08_LAM') = 0.1;
      CTAX.FX('09_WEU') = 0.5;
      CTAX.FX('10_EEU') = 0.5;
      CTAX.FX('11_FSU') = 0.1;
      CTAX.FX('12_MEA') = 0.05;
      CTAX.FX('15_SAS') = 0.05;
      CTAX.FX('16_PAS') = 0.1;
      CTAX.FX('17_PAO') = 0.1;
       
       
      loop(sim,
          if(ord(sim) = 1,
          
          else
             CP.FX('01_KOR') = (0.1 * ord(sim) - 0.1)*100;
             CP.FX('02_CHN') = (0.1 * ord(sim) - 0.05)*100;
             CP.FX('03_JPN') = (0.1 * ord(sim) - 0.1)*100;
             CP.FX('04_RUS') = (0.1 * ord(sim) - 0.05)*100;
             CP.FX('05_MNG') = (0.1 * ord(sim))*100;
             CP.FX('06_PRK') = (0.1 * ord(sim))*100;
             CP.FX('07_NAM') = (0.1 * ord(sim) - 0.1)*100;
             CP.FX('08_LAM') = (0.1 * ord(sim) - 0.1)*100;
             CP.FX('11_FSU') = (0.1 * ord(sim) - 0.1)*100;
             CP.FX('12_MEA') = (0.1 * ord(sim) - 0.05)*100;
             CP.FX('13_AFR') = (0.1 * ord(sim))*100;
             CP.FX('14_CPA') = (0.1 * ord(sim))*100;
             CP.FX('15_SAS') = (0.1 * ord(sim) - 0.05)*100;
             CP.FX('16_PAS') = (0.1 * ord(sim) - 0.1)*100;
             CP.FX('17_PAO') = (0.1 * ord(sim) - 0.1)*100;
            
          )
4173   
4174  *$ontext
4175  ****cbam150****
4176  CTAX.FX('01_KOR') = 0.1;
4177  CTAX.FX('02_CHN') = 0.05;
4178  CTAX.FX('03_JPN') = 0.1;
4179  CTAX.FX('04_RUS') = 0.05;
4180  CTAX.FX('07_NAM') = 0.1;
4181  CTAX.FX('08_LAM') = 0.1;
4182  CTAX.FX('09_WEU') = 1.5;
4183  CTAX.FX('10_EEU') = 1.5;
4184  CTAX.FX('11_FSU') = 0.1;
4185  CTAX.FX('12_MEA') = 0.05;
4186  CTAX.FX('15_SAS') = 0.05;
4187  CTAX.FX('16_PAS') = 0.1;
4188  CTAX.FX('17_PAO') = 0.1;
4189   
4190  loop(sim,
4191      if(ord(sim) = 1,
4192         CP.FX(z) = 0;
4193     else
4194         CP.FX('01_KOR') = (0.1 * ord(sim) - 0.1)*100+130;
4195         CP.FX('02_CHN') = (0.1 * ord(sim) - 0.05)*100+130;
4196         CP.FX('03_JPN') = (0.1 * ord(sim) - 0.1)*100+130;
4197         CP.FX('04_RUS') = (0.1 * ord(sim) - 0.05)*100+130;
4198         CP.FX('05_MNG') = (0.1 * ord(sim))*100+130;
4199         CP.FX('06_PRK') = (0.1 * ord(sim))*100+130;
4200         CP.FX('07_NAM') = (0.1 * ord(sim) - 0.1)*100+130;
4201         CP.FX('08_LAM') = (0.1 * ord(sim) - 0.1)*100+130;
4202         CP.FX('11_FSU') = (0.1 * ord(sim) - 0.1)*100+130;
4203         CP.FX('12_MEA') = (0.1 * ord(sim) - 0.05)*100+130;
4204         CP.FX('13_AFR') = (0.1 * ord(sim))*100+130;
4205         CP.FX('14_CPA') = (0.1 * ord(sim))*100+130;
4206         CP.FX('15_SAS') = (0.1 * ord(sim) - 0.05)*100+130;
4207         CP.FX('16_PAS') = (0.1 * ord(sim) - 0.1)*100+130;
4208         CP.FX('17_PAO') = (0.1 * ord(sim) - 0.1)*100+130;
4209   
4210      )
4211  *$offtext
4212   
4213  *SOLVE PEPW1 USING nlp MAXIMIZING OBJ;
4214  SOLVE PEPW1 USING CNS;
****                       $257
**** LINE   2887 INPUT       C:\Users\kimc0\GUIDE_GLOBAL_CGE\1.Static_CGE\Output_w-1\Model_PEP-w-1_v4.0_GTAP11_240325.gms
**** 257  Solve statement not checked because of previous errors
4215  *execute_unload 'Output_w-1/240818.gdx'
4216   
4217  *$exit
4218   
4219   valEE(p_coal,j,z,sim)          = EEI(p_coal,j,z)*DE.L('02_COAL',j,z);
4220   valEE(p_oil,j,z,sim)           = EEI(p_oil,j,z)*DE.L('03_OIL',j,z);
4221   valEE(p_gas,j,z,sim)           = EEI(p_gas,j,z)*DE.L('04_GAS',j,z);
4222   valEE(p_oilproduct,j,z,sim)    = EEI(p_oilproduct,j,z)*DE.L('10_PETROLCOAL',j,z);
4223  * valEE(p_elecheat,j,z,sim)      = EEI(p_elecheat,j,z)*DE.L('18_ELEC',j,z);
4224   valEE(p_elec,j,z,sim)          = EEI(p_elec,j,z)*DE.L('18_ELEC',j,z);
4225   
4226   valNE(p_coal,j,z,sim)          = NEI(p_coal,j,z)*DE.L('02_COAL',j,z);
4227   valNE(p_oil,j,z,sim)           = NEI(p_oil,j,z)*DE.L('03_OIL',j,z);
4228   valNE(p_gas,j,z,sim)           = NEI(p_gas,j,z)*DE.L('04_GAS',j,z);
4229   valNE(p_oilproduct,j,z,sim)    = NEI(p_oilproduct,j,z)*DE.L('10_PETROLCOAL',j,z);
4230  * valNE(p_elecheat,j,z,sim)      = NEI(p_elecheat,j,z)*DE.L('18_ELEC',j,z);
4231   valNE(p_elec,j,z,sim)          = NEI(p_elec,j,z)*DE.L('18_ELEC',j,z);
4232   
4233   valEH(p_coal,z,sim)            = EHI(p_coal,z)*C.L('02_COAL',z);
4234   valEH(p_oil,z,sim)             = EHI(p_oil,z)*C.L('03_OIL',z);
4235   valEH(p_gas,z,sim)             = EHI(p_gas,z)*C.L('04_GAS',z);
4236   valEH(p_oilproduct,z,sim)      = EHI(p_oilproduct,z)*C.L('10_PETROLCOAL',z);
4237  *valEH(p_elecheat,z,sim)        = EHI(p_elecheat,z)*C.L('18_ELEC',z);
4238   valEH(p_elec,z,sim)            = EHI(p_elec,z)*C.L('18_ELEC',z);
4239   
4240   valTFC_com(product,z,sim)      = valEH(product,z,sim) + sum(j5,valEE(product,j5,z,sim))+sum(j,valNE(product,j,z,sim));
4241   valTFC_ind(j,z,sim)            = sum(product,valEE(product,j,z,sim)+valNE(product,j,z,sim));
4242   valTFC(z,sim)                  = sum(product, valTFC_com(product,z,sim));
4243   
4244  * valTFC_enea('coal',z,sim)      = sum(p_coal_agg, valTFC_com(p_coal_agg,z,sim));
4245  * valTFC_enea('natgas',z,sim)    = sum(p_natgas, valTFC_com(p_natgas,z,sim));
4246  * valTFC_enea('crudeoil',z,sim)  = sum(p_crudeoil, valTFC_com(p_crudeoil,z,sim));
4247  * valTFC_enea('oilprdt',z,sim)   = sum(p_oilproduct_agg, valTFC_com(p_oilproduct_agg,z,sim));
4248  * valTFC_enea('elec',z,sim)      = sum(p_elec, valTFC_com(p_elec,z,sim));
4249  * valTFC_enea('heat',z,sim)      = sum(p_heat, valTFC_com(p_heat,z,sim));
4250   
4251  * valTFC_inda('agr',z,sim)       = sum(j6,valTFC_ind(j6,z,sim));
4252  * valTFC_inda('elec',z,sim)      = sum(j7,valTFC_ind(j7,z,sim));
4253  * valTFC_inda('manu',z,sim)      = sum(j8,valTFC_ind(j8,z,sim));
4254  * valTFC_inda('trans',z,sim)     = sum(j9,valTFC_ind(j9,z,sim));
4255  * valTFC_inda('bldg',z,sim)      = sum(j10,valTFC_ind(j10,z,sim))+sum(product,valEH(product,z,sim));
4256   
4257   valCO2I(product,j,z,sim)       = valEE(product,j,z,sim)*41.868*GHGsEF(product,'CO2EF')*1*(44/12)*0.001*GWP('CO2EF') ;
4258   valCO2NE(product,j,z,sim)      = valNE(product,j,z,sim)*41.868*GHGsEF(product,'CO2EF')*1*(44/12)*0.001*GWP('CO2EF')*(1-GHGsEF(product,'Stored_rate')) ;
4259   
4260   valCO2I2(j,z,sim)              = sum(product,valCO2I(product,j,z,sim));
4261   valCO2NE2(j,z,sim)             = sum(product,valCO2NE(product,j,z,sim));
4262   valTCO22(j,z,sim)              = valCO2I2(j,z,sim)+valCO2NE2(j,z,sim);
4263   
4264   valTCO2I(z,sim)                = sum((product,j),valCO2I(product,j,z,sim));
4265   valTCO2NE(z,sim)               = sum((product,j),valCO2NE(product,j,z,sim));
4266   valTCO2(z,sim)                 = valTCO2I(z,sim) + valTCO2NE(z,sim);
4267   
4268  * valCO2H(product,z,sim)         = valEH(product,z,sim)*41.868*GHGsEF(product,'CO2EF')*1*(44/12)*0.001*GWP('CO2EF') ;
4269  * valTCO2H(z,sim)                = sum((product),valCO2H(product,z,sim));
4270   
4271   
4272  ***carbon content
4273  * valXST(j,z,sim)                = XST.l(j,z);
4274  * valCO2C(j,z,sim)               = (valCO2I2(j,z,sim) + valCO2NE2(j,z,sim) + valCO2INDI2(j,z,sim) + valCO2INDNE2(j,z,sim))/valXST(j,z,sim);
4275   valGDP_BP(z,sim)               = GDP_BP.l(z);
4276   valGDP_BP_REAL(z,sim)          = GDP_BP_REAL.l(z);
4277   valPIXGDP(z,sim)               = PIXGDP.l(z);
4278   valCTAX(z,sim)                 = CTAX.L(z);
4279   valCP(z,sim)                   = CP.L(z);
4280   valTCTAX(z,sim)                = TCTAX.L(z);
4281   valSH(z,sim)                   = SH.l(z);
4282   valKLE(j,z,sim)                = KLE.l(j,z);
4283   
4284   valPC(i,z,sim)                 = PC.l(i,z);
4285   valPOWER(power,i,z,sim)        = XS.L(power,i,z);
4286   
4287   valKOR_TFC(product,sim)        = valEH(product,'01_KOR',sim) + Sum(j5,valEE(product,j5,'01_KOR',sim))+Sum(j,valNE(product,j,'01_KOR',sim));
4288   
4289   valC(i,z,sim)                  = C.l(i,z);
4290   valCAB(z,sim)                  = CAB.l(z);
4291   valCABX(z,sim)                 = CABX.l(z);
4292   valCG(i,z,sim)                 = CG.l(i,z);
4293   valCI(j,z,sim)                 = CI.l(j,z);
4294   valCE(j,z,sim)                 = CE.l(j,z);
4295   valCMIN(i,z,sim)               = CMIN.l(i,z);
4296   valCTH(z,sim)                  = CTH.l(z);
4297   valCTH_REAL(z,sim)             = CTH_REAL.l(z);
4298   valDD(i,z,sim)                 = DD.l(i,z);
4299   valDEP(z,sim)                  = DEP.l(z);
4300   valDI(nene,j,z,sim)            = DI.l(nene,j,z);
4301   valDE(ene,j,z,sim)             = DE.l(ene,j,z);
4302   valDIT(i,z,sim)                = DIT.l(i,z);
4303   valDS(j,i,z,sim)               = DS.l(j,i,z);
4304   valDS_I(i,z,sim)               = DS_I.l(i,z);
4305   vale(z,sim)                    = e.l(z);
4306   valEX(i,z,zj,sim)              = EX.l(i,z,zj);
4307   valEXT(i,z,sim)                = EXT.l(i,z);
4308   valG(z,sim)                    = G.l(z);
4309   valG_REAL(z,sim)               = G_REAL.l(z);
4310   valGDP_BP(z,sim)               = GDP_BP.l(z);
4311   valGDP_BP_REAL(z,sim)          = GDP_BP_REAL.l(z);
4312   valGDP_BP_W(sim)               = GDP_BP_W.l;
4313   valGDP_BP_W_REAL(sim)          = GDP_BP_W_REAL.l;
4314   valGDP_FD(z,sim)               = GDP_FD.l(z);
4315   valGDP_IB(z,sim)               = GDP_IB.l(z);
4316   valGDP_MP(z,sim)               = GDP_MP.l(z);
4317   valGDP_MP_REAL(z,sim)          = GDP_MP_REAL.l(z);
4318   valIM(i,zj,z,sim)              = IM.l(i,zj,z);
4319   valIMT(i,z,sim)                = IMT.l(i,z);
4320   valINV(i,z,sim)                = INV.l(i,z);
4321   valIT(z,sim)                   = IT.l(z);
4322   valIT_REAL(z,sim)              = IT_REAL.l(z);
4323   valKD(k,j,z,sim)               = KD.l(k,j,z);
4324   valKDC(j,z,sim)                = KDC.l(j,z);
4325   valKS(k,z,sim)                 = KS.l(k,z);
4326   valLD(l,j,z,sim)               = LD.l(l,j,z);
4327   valLDC(j,z,sim)                = LDC.l(j,z);
4328   valLS(l,z,sim)                 = LS.l(l,z);
4329   valMRGN(i,z,sim)               = MRGN.l(i,z);
4330   valP(i,z,sim)                  = P.l(i,z);
4331   valPT(j,z,sim)                 = PT.l(j,z);
4332   valP2(j,i,z,sim)               = P2.l(j,i,z);
4333   valP4(ene,j,z,sim)             = P4.l(ene,j,z);
4334   valPC(i,z,sim)                 = PC.l(i,z);
4335   valPCI(j,z,sim)                = PCI.l(j,z);
4336   valPCE(j,z,sim)                = PCE.l(j,z);
4337   valPD(i,z,sim)                 = PD.l(i,z);
4338   valPE(i,z,zj,sim)              = PE.l(i,z,zj);
4339   valPET(i,z,sim)                = PET.l(i,z);
4340   valPIXCON(z,sim)               = PIXCON.l(z);
4341   valPIXGDP(z,sim)               = PIXGDP.l(z);
4342   valPIXGDP_W(sim)               = PIXGDP_W.l;
4343   valPIXGVT(z,sim)               = PIXGVT.l(z);
4344   valPIXINV(z,sim)               = PIXINV.l(z);
4345   valPK(z,sim)                   = PK.l(z);
4346   valPL(i,z,sim)                 = PL.l(i,z);
4347   valPM(i,zj,z,sim)              = PM.l(i,zj,z);
4348   valPMT(i,z,sim)                = PMT.l(i,z);
4349   valPP(j,z,sim)                 = PP.l(j,z);
4350   valPVA(j,z,sim)                = PVA.l(j,z);
4351   valPKLE(j,z,sim)               = PKLE.l(j,z);
4352   valPWM(i,zj,z,sim)             = PWM.l(i,zj,z);
4353   valPWMG(i,sim)                 = PWMG.l(i);
4354   valPWX(i,z,zj,sim)             = PWX.l(i,z,zj);
4355   valQ(i,z,sim)                  = Q.l(i,z);
4356   valR(k,j,z,sim)                = R.l(k,j,z);
4357   valRC(j,z,sim)                 = RC.l(j,z);
4358   valRK(k,z,sim)                 = RK.l(k,z);
4359   valRTI(k,j,z,sim)              = RTI.l(k,j,z);
4360   valSG(z,sim)                   = SG.l(z);
4361   valSH(z,sim)                   = SH.l(z);
4362   valsh0(z,sim)                  = sh0.l(z);
4363   valsh1(z,sim)                  = sh1.l(z);
4364   valSROW(z,sim)                 = SROW.l(z);
4365   valTCTAX(z,sim)                = TCTAX.l(z);
4366   valTDH(z,sim)                  = TDH.l(z);
4367   valTIC(i,z,sim)                = TIC.l(i,z);
4368   valTICT(z,sim)                 = TICT.l(z);
4369   valTIK(k,j,z,sim)              = TIK.l(k,j,z);
4370   valTIKT(z,sim)                 = TIKT.l(z);
4371   valTIM(i,zj,z,sim)             = TIM.l(i,zj,z);
4372   valTIMT(z,sim)                 = TIMT.l(z);
4373   valTIP(j,z,sim)                = TIP.l(j,z);
4374   valTIPT(z,sim)                 = TIPT.l(z);
4375   valTIW(l,j,z,sim)              = TIW.l(l,j,z);
4376   valTIWT(z,sim)                 = TIWT.l(z);
4377   valTIX(i,z,zj,sim)             = TIX.l(i,z,zj);
4378   valTIXT(z,sim)                 = TIXT.l(z);
4379   valTPRCTS(z,sim)               = TPRCTS.l(z);
4380   valTPRODN(z,sim)               = TPRODN.l(z);
4381   valttdh0(z,sim)                = ttdh0.l(z);
4382   valttdh1(z,sim)                = ttdh1.l(z);
4383   valttic(i,z,sim)               = ttic.l(i,z);
4384   valttik(k,j,z,sim)             = ttik.l(k,j,z);
4385   valttim(i,zj,z,sim)            = ttim.l(i,zj,z);
4386   valttip(j,z,sim)               = ttip.l(j,z);
4387   valttiw(l,j,z,sim)             = ttiw.l(l,j,z);
4388   valttix(i,z,zj,sim)            = ttix.l(i,z,zj);
4389   valVA(j,z,sim)                 = VA.l(j,z);
4390   valKLE(j,z,sim)                = KLE.l(j,z);
4391   valW(l,z,sim)                  = W.l(l,z);
4392   valWC(j,z,sim)                 = WC.l(j,z);
4393   valWTI(l,j,z,sim)              = WTI.l(l,j,z);
4394   valXS(j,i,z,sim)               = XS.l(j,i,z);
4395   valXS_I(i,z,sim)               = XS_I.l(i,z);
4396   
4397   valYDH(z,sim)                  = YDH.l(z);
4398   valYG(z,sim)                   = YG.l(z);
4399   valYH(z,sim)                   = YH.l(z);
4400   valYHK(z,sim)                  = YHK.l(z);
4401   valYHL(z,sim)                  = YHL.l(z);
4402   valYROW(z,sim)                 = YROW.l(z)
4403   
4404  );
4405   
4406   
4407   
4408  execute_unload 'Output_w-1/240820.gdx'
EXIT C:\Users\kimc0\GUIDE_GLOBAL_CGE\1.Static_CGE\Output_w-1\Model_PEP-w-1_v4.0_GTAP11_240325.gms

**** LIST OF STRAY NAMES - CHECK DECLARATIONS FOR SPURIOUS COMMAS
**** STRAY NAME commodity OF TYPE SET  

**** 26 ERROR(S)   0 WARNING(S)
GAMS 45.5.0  8d95ac18 Dec 14, 2023          WEX-WEI x86 64bit/MS Windows - 08/23/24 16:46:13 Page 2
PEP model w-1
Include File Summary


   SEQ   GLOBAL TYPE      PARENT   LOCAL  FILENAME

     1        1 INPUT          0       0  C:\Users\kimc0\GUIDE_GLOBAL_CGE\1.Static_CGE\Output_w-1\Model_PEP-w-1_v4.0_GTAP11_240325.gms
     2       52 GDXIN          1      52  C:\Users\kimc0\GUIDE_GLOBAL_CGE\1.Static_CGE\Output_w-1\DATA_AGG-2019_GTAP11_240214.gdx
     3      658 GDXIN          1     658  C:\Users\kimc0\GUIDE_GLOBAL_CGE\1.Static_CGE\Output_w-1\DATA_AGG-2019_GTAP11_240214.gdx
     4      798 GDXIN          1     798  C:\Users\kimc0\GUIDE_GLOBAL_CGE\1.Static_CGE\Output_w-1\JointB_VAL_230411_PAR.gdx
     5     1020 INCLUDE        1    1020  .C:\Users\kimc0\GUIDE_GLOBAL_CGE\1.Static_CGE\Output_w-1\DATA_WEB-2019_240325.gms
     6     1796 CALL           5     776  .gdxxrw Input_WEB/230425_WEB19.xlsx @Input_WEB/WEB19.txt trace=0 output=Input_WEB/230425_WEB19.gdx ishing 11_PAR.gdx 1_PAR.gdx nd labor)  labor) uction 
     7     2347 EXIT           5    1327  .C:\Users\kimc0\GUIDE_GLOBAL_CGE\1.Static_CGE\Output_w-1\DATA_WEB-2019_240325.gms
     8     4409 EXIT           1    3082  C:\Users\kimc0\GUIDE_GLOBAL_CGE\1.Static_CGE\Output_w-1\Model_PEP-w-1_v4.0_GTAP11_240325.gms


COMPILATION TIME     =        1.235 SECONDS      6 MB  45.5.0 8d95ac18 WEX-WEI


USER: Medium MUD - 10 User License                   S220825|0002AO-WIN
      Konkuk University, Dept of Technology Fusion Engineering  DC16297
      License for teaching and research at degree granting institutions


**** FILE SUMMARY

Input      C:\Users\kimc0\GUIDE_GLOBAL_CGE\1.Static_CGE\Output_w-1\Model_PEP-w-1_v4.0_GTAP11_240325.gms
Output     C:\Users\kimc0\GUIDE_GLOBAL_CGE\1.Static_CGE\Output_w-1\Model_PEP-w-1_v4.0_GTAP11_240325.lst

**** USER ERROR(S) ENCOUNTERED
